Timestamp,Station,AQI,Lat,Lon
2026-01-04 12:30:08,"Betong, Thailand (ต.เบตง อ.เบตง จ.ยะลา)",51,5.763873,101.067903
2026-01-04 12:30:08,"Kuala Terengganu, Terengganu, Malaysia",54,5.308094,103.120392
2026-01-04 12:30:08,"Miri, Sarawak, Malaysia",23,4.424679,114.012426
2026-01-04 12:30:08,"Limbang, Sarawak, Malaysia",16,4.758891,115.013667
2026-01-04 12:30:08,"Kuala Belait, Brunei",1,4.5831986,114.2212174
2026-01-04 12:30:08,"Labuan, Wilayah Persekutuan, Malaysia",21,5.298107,115.232106
2026-01-04 12:30:08,"Brunei Muara, Brunei",1,4.9311206,114.9516869
2026-01-04 12:30:08,"Kimanis, Sabah, Malaysia",13,5.538225,115.850556
2026-01-04 12:30:08,"Pasir Gudang, Johor, Malaysia",53,1.470122,103.893456
2026-01-04 12:30:08,"Paka, Terengganu, Malaysia",52,4.598064,103.434819
2026-01-04 12:30:08,"Port Dickson, Negeri Sembilan, Malaysia",55,2.441383,101.866858
2026-01-04 12:30:08,"Tangkak, Johor, Malaysia",46,2.294794,102.571595
2026-01-04 12:30:08,"Kota Kinabalu, Sabah, Malaysia",28,5.89372,116.04327
2026-01-04 12:30:08,"East, Singapore",46,1.3645924,103.9477547
2026-01-04 12:30:08,"Bukit Rambai, Melaka, Malaysia",54,2.258519,102.172683
2026-01-04 12:30:08,"Kemaman, Terengganu, Malaysia",56,4.262121,103.425778
2026-01-04 12:30:08,"S K Jalan Pegoh, Ipoh, Perak, Malaysia",53,4.553336,101.080236
2026-01-04 12:30:08,"Bintulu, Sarawak, Malaysia",17,3.177084,113.041091
2026-01-04 12:30:08,"Samalaju, Sarawak, Malaysia",36,3.537059,113.295168
2026-01-04 12:30:08,"Kuching, Sarawak, Malaysia",20,1.562229,110.388958
2026-01-04 12:30:08,"Batu Muda,Kuala Lumpur, Wilayah Persekutuan, Malaysia",52,3.212439,101.682228
2026-01-04 12:30:08,"Tanjung Malim, Perak, Malaysia",47,3.687758,101.524494
2026-01-04 12:30:08,"Balik Pulau, Pulau Pinang, Malaysia",59,5.337598,100.214721
2026-01-04 12:30:08,"Kg. Air Putih, Taiping, Perak, Malaysia",55,4.89885,100.679106
2026-01-04 12:30:08,"Banting, Selangor, Malaysia",62,2.816689,101.623158
2026-01-04 12:30:08,"Seri Manjung, Perak, Malaysia",56,4.200344,100.663358
2026-01-04 12:30:08,"South, Singapore",50,1.296183,103.846181
2026-01-04 12:30:08,"Seremban, Negeri Sembilan, Malaysia",53,2.723381,101.968497
2026-01-04 12:30:08,"Kuala Selangor, Selangor, Malaysia",55,3.321308,101.256242
2026-01-04 12:30:08,"Seberang Jaya 2, Perai, Pulau Pinang, Malaysia",56,5.39817,100.403947
2026-01-04 12:30:08,"Mukah, Sarawak, Malaysia",11,2.883238,112.019742
2026-01-04 12:30:08,"Tanah Merah, Kelantan, Malaysia",60,5.811172,102.1345
2026-01-04 12:30:08,"Keningau, Sabah, Malaysia",29,5.339317,116.163658
2026-01-04 12:30:08,"Sarikei, Sarawak, Malaysia",10,2.132809,111.52287
2026-01-04 12:30:08,"Larkin Lama, Johor, Malaysia",53,1.494625,103.735975
2026-01-04 12:30:08,"Sibu, Sarawak, Malaysia",13,2.314408,111.831916
2026-01-04 12:30:08,"Sri Aman, Sarawak, Malaysia",15,1.219656,111.464792
2026-01-04 12:30:08,"Kluang, Johor, Malaysia",38,2.037882,103.312063
2026-01-04 12:30:08,"Besut, Terengganu, Malaysia",42,5.748449,102.515632
2026-01-04 12:30:08,"Nilai, Negeri Sembilan, Malaysia",51,2.821692,101.811486
2026-01-04 12:30:08,"Jerantut, Pahang, Malaysia",42,3.94836,102.366632
2026-01-04 12:30:08,"Bakar Arang, Sg. Petani, Kedah, Malaysia",58,5.629631,100.467771
2026-01-04 12:30:08,"Segamat, Johor, Malaysia",41,2.493914,102.862694
2026-01-04 12:30:08,"Sandakan, Sabah, Malaysia",23,5.864467,118.091089
2026-01-04 12:30:08,"Pengerang, Johor, Malaysia",52,1.389489,104.149586
2026-01-04 12:30:08,"Perai, Pulau Pinang, Malaysia",58,5.329358,100.443475
2026-01-04 12:30:08,"Tawau, Sabah, Malaysia",37,4.249786,117.935864
2026-01-04 12:30:08,"Temburong, Brunei",6,4.6204128,115.141484
2026-01-04 12:30:08,"Pekan Tutong, Brunei",2,4.8140524,114.6608562
2026-01-04 12:30:08,"Rompin, Pahang, Malaysia",48,2.926645,103.419198
2026-01-04 12:30:08,"Petaling Jaya, Selangor, Malaysia",56,3.133169,101.608011
2026-01-04 12:30:08,"Batu Pahat, Johor, Malaysia",42,1.919323,102.866618
2026-01-04 12:30:08,"Balok Baru, Kuantan, Pahang, Malaysia",59,3.960644,103.382158
2026-01-04 12:30:08,"Indera Mahkota, Kuantan, Pahang, Malaysia",51,3.819217,103.29655
2026-01-04 12:30:08,"Temerloh, Pahang, Malaysia",45,3.471603,102.376406
2026-01-04 12:30:08,"Pelabuhan Kelang, Selangor, Malaysia",56,3.014889,101.413111
2026-01-04 12:30:08,"Putrajaya, W.p. Putrajaya, Malaysia",59,2.914816,101.69005
2026-01-04 12:30:08,"Jalan Tasek, Ipoh, Perak, Malaysia",52,4.629444,101.11665
2026-01-04 12:30:08,"Kapit, Sarawak, Malaysia",17,2.014498,112.92736
2026-01-04 13:28:33,"Temburong, Brunei",6,4.6204128,115.141484
2026-01-04 13:28:33,"Nilai, Negeri Sembilan, Malaysia",51,2.821692,101.811486
2026-01-04 13:28:33,"Kota Kinabalu, Sabah, Malaysia",26,5.89372,116.04327
2026-01-04 13:28:33,"Sri Aman, Sarawak, Malaysia",15,1.219656,111.464792
2026-01-04 13:28:33,"Seremban, Negeri Sembilan, Malaysia",53,2.723381,101.968497
2026-01-04 13:28:33,"Temerloh, Pahang, Malaysia",46,3.471603,102.376406
2026-01-04 13:28:33,"Perai, Pulau Pinang, Malaysia",58,5.329358,100.443475
2026-01-04 13:28:33,"Kemaman, Terengganu, Malaysia",55,4.262121,103.425778
2026-01-04 13:28:33,"Besut, Terengganu, Malaysia",44,5.748449,102.515632
2026-01-04 13:28:33,"Segamat, Johor, Malaysia",42,2.493914,102.862694
2026-01-04 13:28:33,"Port Dickson, Negeri Sembilan, Malaysia",55,2.441383,101.866858
2026-01-04 13:28:33,"Tangkak, Johor, Malaysia",47,2.294794,102.571595
2026-01-04 13:28:33,"Paka, Terengganu, Malaysia",51,4.598064,103.434819
2026-01-04 13:28:33,"Keningau, Sabah, Malaysia",27,5.339317,116.163658
2026-01-04 13:28:33,"East, Singapore",53,1.3645924,103.9477547
2026-01-04 13:28:33,"Pasir Gudang, Johor, Malaysia",53,1.470122,103.893456
2026-01-04 13:28:33,"Tanah Merah, Kelantan, Malaysia",61,5.811172,102.1345
2026-01-04 13:28:33,"Kg. Air Putih, Taiping, Perak, Malaysia",55,4.89885,100.679106
2026-01-04 13:28:33,"Pekan Tutong, Brunei",2,4.8140524,114.6608562
2026-01-04 13:28:33,"Pengerang, Johor, Malaysia",52,1.389489,104.149586
2026-01-04 13:28:33,"Petaling Jaya, Selangor, Malaysia",56,3.133169,101.608011
2026-01-04 13:28:33,"Miri, Sarawak, Malaysia",23,4.424679,114.012426
2026-01-04 13:28:33,"Labuan, Wilayah Persekutuan, Malaysia",20,5.298107,115.232106
2026-01-04 13:28:33,"Banting, Selangor, Malaysia",62,2.816689,101.623158
2026-01-04 13:28:33,"Brunei Muara, Brunei",1,4.9311206,114.9516869
2026-01-04 13:28:33,"Kuching, Sarawak, Malaysia",19,1.562229,110.388958
2026-01-04 13:28:33,"Jalan Tasek, Ipoh, Perak, Malaysia",51,4.629444,101.11665
2026-01-04 13:28:33,"Pelabuhan Kelang, Selangor, Malaysia",57,3.014889,101.413111
2026-01-04 13:28:33,"Bintulu, Sarawak, Malaysia",17,3.177084,113.041091
2026-01-04 13:28:33,"Bukit Rambai, Melaka, Malaysia",54,2.258519,102.172683
2026-01-04 13:28:33,"Seri Manjung, Perak, Malaysia",56,4.200344,100.663358
2026-01-04 13:28:33,"Balik Pulau, Pulau Pinang, Malaysia",59,5.337598,100.214721
2026-01-04 13:28:33,"Kimanis, Sabah, Malaysia",13,5.538225,115.850556
2026-01-04 13:28:33,"Limbang, Sarawak, Malaysia",15,4.758891,115.013667
2026-01-04 13:28:33,"Sibu, Sarawak, Malaysia",13,2.314408,111.831916
2026-01-04 13:28:33,"South, Singapore",57,1.296183,103.846181
2026-01-04 13:28:33,"Putrajaya, W.p. Putrajaya, Malaysia",59,2.914816,101.69005
2026-01-04 13:28:33,"Seberang Jaya 2, Perai, Pulau Pinang, Malaysia",56,5.39817,100.403947
2026-01-04 13:28:33,"Kapit, Sarawak, Malaysia",17,2.014498,112.92736
2026-01-04 13:28:33,"Mukah, Sarawak, Malaysia",11,2.883238,112.019742
2026-01-04 13:28:33,"North, Singapore",55,1.4296436,103.7960862
2026-01-04 13:28:33,"Balok Baru, Kuantan, Pahang, Malaysia",60,3.960644,103.382158
2026-01-04 13:28:33,"Jerantut, Pahang, Malaysia",43,3.94836,102.366632
2026-01-04 13:28:33,"Tanjung Malim, Perak, Malaysia",48,3.687758,101.524494
2026-01-04 13:28:33,"Tawau, Sabah, Malaysia",34,4.249786,117.935864
2026-01-04 13:28:33,"Samalaju, Sarawak, Malaysia",37,3.537059,113.295168
2026-01-04 13:28:33,"Kuala Belait, Brunei",1,4.5831986,114.2212174
2026-01-04 13:28:33,"Sarikei, Sarawak, Malaysia",11,2.132809,111.52287
2026-01-04 13:28:33,"Kuala Terengganu, Terengganu, Malaysia",55,5.308094,103.120392
2026-01-04 13:28:33,"Sandakan, Sabah, Malaysia",23,5.864467,118.091089
2026-01-04 13:28:33,"Indera Mahkota, Kuantan, Pahang, Malaysia",51,3.819217,103.29655
2026-01-04 13:28:33,"Batu Pahat, Johor, Malaysia",42,1.919323,102.866618
2026-01-04 13:28:33,"Kluang, Johor, Malaysia",37,2.037882,103.312063
2026-01-04 13:28:33,"Batu Muda,Kuala Lumpur, Wilayah Persekutuan, Malaysia",52,3.212439,101.682228
2026-01-04 13:28:33,"Bakar Arang, Sg. Petani, Kedah, Malaysia",58,5.629631,100.467771
2026-01-04 13:28:33,"Betong, Thailand (ต.เบตง อ.เบตง จ.ยะลา)",43,5.763873,101.067903
2026-01-04 13:28:33,"Rompin, Pahang, Malaysia",47,2.926645,103.419198
2026-01-04 13:28:33,"Kuala Selangor, Selangor, Malaysia",56,3.321308,101.256242
2026-01-04 13:28:33,"S K Jalan Pegoh, Ipoh, Perak, Malaysia",52,4.553336,101.080236
2026-01-04 14:17:23,"Pengerang, Johor, Malaysia",52,1.389489,104.149586
2026-01-04 14:17:23,"Putrajaya, W.p. Putrajaya, Malaysia",59,2.914816,101.69005
2026-01-04 14:17:23,"Perai, Pulau Pinang, Malaysia",58,5.329358,100.443475
2026-01-04 14:17:23,"Kluang, Johor, Malaysia",37,2.037882,103.312063
2026-01-04 14:17:23,"Batu Muda,Kuala Lumpur, Wilayah Persekutuan, Malaysia",45,3.212439,101.682228
2026-01-04 14:17:23,"Miri, Sarawak, Malaysia",23,4.424679,114.012426
2026-01-04 14:17:23,"Temburong, Brunei",6,4.6204128,115.141484
2026-01-04 14:17:23,"North, Singapore",57,1.4296436,103.7960862
2026-01-04 14:17:23,"Rompin, Pahang, Malaysia",47,2.926645,103.419198
2026-01-04 14:17:23,"Kapit, Sarawak, Malaysia",18,2.014498,112.92736
2026-01-04 14:17:23,"Keningau, Sabah, Malaysia",25,5.339317,116.163658
2026-01-04 14:17:23,"Kimanis, Sabah, Malaysia",13,5.538225,115.850556
2026-01-04 14:17:23,"Kuala Terengganu, Terengganu, Malaysia",58,5.308094,103.120392
2026-01-04 14:17:23,"Tanah Merah, Kelantan, Malaysia",63,5.811172,102.1345
2026-01-04 14:17:23,"Besut, Terengganu, Malaysia",46,5.748449,102.515632
2026-01-04 14:17:23,"Seberang Jaya 2, Perai, Pulau Pinang, Malaysia",56,5.39817,100.403947
2026-01-04 14:17:23,"Limbang, Sarawak, Malaysia",15,4.758891,115.013667
2026-01-04 14:17:23,"Nilai, Negeri Sembilan, Malaysia",52,2.821692,101.811486
2026-01-04 14:17:23,"Banting, Selangor, Malaysia",62,2.816689,101.623158
2026-01-04 14:17:23,"Paka, Terengganu, Malaysia",49,4.598064,103.434819
2026-01-04 14:17:23,"Jalan Tasek, Ipoh, Perak, Malaysia",50,4.629444,101.11665
2026-01-04 14:17:23,"Kemaman, Terengganu, Malaysia",55,4.262121,103.425778
2026-01-04 14:17:23,"Seri Manjung, Perak, Malaysia",56,4.200344,100.663358
2026-01-04 14:17:23,"Tangkak, Johor, Malaysia",46,2.294794,102.571595
2026-01-04 14:17:23,"Bakar Arang, Sg. Petani, Kedah, Malaysia",57,5.629631,100.467771
2026-01-04 14:17:23,"Sibu, Sarawak, Malaysia",12,2.314408,111.831916
2026-01-04 14:17:23,"Tanjung Malim, Perak, Malaysia",48,3.687758,101.524494
2026-01-04 14:17:23,"Betong, Thailand (ต.เบตง อ.เบตง จ.ยะลา)",36,5.763873,101.067903
2026-01-04 14:17:23,"Samalaju, Sarawak, Malaysia",34,3.537059,113.295168
2026-01-04 14:17:23,"S K Jalan Pegoh, Ipoh, Perak, Malaysia",52,4.553336,101.080236
2026-01-04 14:17:23,"Kuching, Sarawak, Malaysia",19,1.562229,110.388958
2026-01-04 14:17:23,"Kota Kinabalu, Sabah, Malaysia",27,5.89372,116.04327
2026-01-04 14:17:23,"Sri Aman, Sarawak, Malaysia",15,1.219656,111.464792
2026-01-04 14:17:23,"Petaling Jaya, Selangor, Malaysia",55,3.133169,101.608011
2026-01-04 14:17:23,"Brunei Muara, Brunei",1,4.9311206,114.9516869
2026-01-04 14:17:23,"Mukah, Sarawak, Malaysia",10,2.883238,112.019742
2026-01-04 14:17:23,"Central, Singapore",57,1.3666667,103.8
2026-01-04 14:17:23,"Bintulu, Sarawak, Malaysia",16,3.177084,113.041091
2026-01-04 14:17:23,"Pekan Tutong, Brunei",2,4.8140524,114.6608562
2026-01-04 14:17:23,"East, Singapore",53,1.3645924,103.9477547
2026-01-04 14:17:23,"Balok Baru, Kuantan, Pahang, Malaysia",59,3.960644,103.382158
2026-01-04 14:17:23,"Kuala Selangor, Selangor, Malaysia",54,3.321308,101.256242
2026-01-04 14:17:23,"Kg. Air Putih, Taiping, Perak, Malaysia",55,4.89885,100.679106
2026-01-04 14:17:23,"Pelabuhan Kelang, Selangor, Malaysia",58,3.014889,101.413111
2026-01-04 14:17:23,"Balik Pulau, Pulau Pinang, Malaysia",59,5.337598,100.214721
2026-01-04 14:17:23,"Sandakan, Sabah, Malaysia",22,5.864467,118.091089
2026-01-04 14:17:23,"Sarikei, Sarawak, Malaysia",11,2.132809,111.52287
2026-01-04 14:17:23,"Pasir Gudang, Johor, Malaysia",53,1.470122,103.893456
2026-01-04 14:17:23,"Jerantut, Pahang, Malaysia",45,3.94836,102.366632
2026-01-04 14:17:23,"Kuala Belait, Brunei",1,4.5831986,114.2212174
2026-01-04 14:17:23,"Port Dickson, Negeri Sembilan, Malaysia",55,2.441383,101.866858
2026-01-04 14:17:23,"Temerloh, Pahang, Malaysia",47,3.471603,102.376406
2026-01-04 14:17:23,"Labuan, Wilayah Persekutuan, Malaysia",21,5.298107,115.232106
2026-01-04 14:17:23,"Segamat, Johor, Malaysia",42,2.493914,102.862694
2026-01-04 14:17:23,"Bukit Rambai, Melaka, Malaysia",54,2.258519,102.172683
2026-01-04 14:17:23,"Seremban, Negeri Sembilan, Malaysia",53,2.723381,101.968497
2026-01-04 14:17:23,"Indera Mahkota, Kuantan, Pahang, Malaysia",51,3.819217,103.29655
2026-01-04 14:17:23,"Tawau, Sabah, Malaysia",32,4.249786,117.935864
2026-01-04 14:17:23,"Batu Pahat, Johor, Malaysia",43,1.919323,102.866618
2026-01-04 15:18:13,"Sarikei, Sarawak, Malaysia",12,2.132809,111.52287
2026-01-04 15:18:13,"Kuala Selangor, Selangor, Malaysia",54,3.321308,101.256242
2026-01-04 15:18:13,"Kuala Terengganu, Terengganu, Malaysia",61,5.308094,103.120392
2026-01-04 15:18:13,"South, Singapore",78,1.296183,103.846181
2026-01-04 15:18:13,"Batu Muda,Kuala Lumpur, Wilayah Persekutuan, Malaysia",44,3.212439,101.682228
2026-01-04 15:18:13,"Jerantut, Pahang, Malaysia",47,3.94836,102.366632
2026-01-04 15:18:13,"Tanjung Malim, Perak, Malaysia",47,3.687758,101.524494
2026-01-04 15:18:13,"Kapit, Sarawak, Malaysia",17,2.014498,112.92736
2026-01-04 15:18:13,"Mukah, Sarawak, Malaysia",11,2.883238,112.019742
2026-01-04 15:18:13,"Balik Pulau, Pulau Pinang, Malaysia",59,5.337598,100.214721
2026-01-04 15:18:13,"Banting, Selangor, Malaysia",62,2.816689,101.623158
2026-01-04 15:18:13,"Tangkak, Johor, Malaysia",46,2.294794,102.571595
2026-01-04 15:18:13,"Paka, Terengganu, Malaysia",47,4.598064,103.434819
2026-01-04 15:18:13,"Seberang Jaya 2, Perai, Pulau Pinang, Malaysia",57,5.39817,100.403947
2026-01-04 15:18:13,"Kimanis, Sabah, Malaysia",13,5.538225,115.850556
2026-01-04 15:18:13,"Pengerang, Johor, Malaysia",52,1.389489,104.149586
2026-01-04 15:18:13,"Bintulu, Sarawak, Malaysia",17,3.177084,113.041091
2026-01-04 15:18:13,"Balok Baru, Kuantan, Pahang, Malaysia",59,3.960644,103.382158
2026-01-04 15:18:13,"Indera Mahkota, Kuantan, Pahang, Malaysia",48,3.819217,103.29655
2026-01-04 15:18:13,"Besut, Terengganu, Malaysia",47,5.748449,102.515632
2026-01-04 15:18:13,"Jalan Tasek, Ipoh, Perak, Malaysia",49,4.629444,101.11665
2026-01-04 15:18:13,"Tawau, Sabah, Malaysia",28,4.249786,117.935864
2026-01-04 15:18:13,"Samalaju, Sarawak, Malaysia",35,3.537059,113.295168
2026-01-04 15:18:13,"Brunei Muara, Brunei",1,4.9311206,114.9516869
2026-01-04 15:18:13,"East, Singapore",57,1.3645924,103.9477547
2026-01-04 15:18:13,"Batu Pahat, Johor, Malaysia",43,1.919323,102.866618
2026-01-04 15:18:13,"Seri Manjung, Perak, Malaysia",56,4.200344,100.663358
2026-01-04 15:18:13,"S K Jalan Pegoh, Ipoh, Perak, Malaysia",51,4.553336,101.080236
2026-01-04 15:18:13,"Pekan Tutong, Brunei",2,4.8140524,114.6608562
2026-01-04 15:18:13,"Kemaman, Terengganu, Malaysia",55,4.262121,103.425778
2026-01-04 15:18:13,"Segamat, Johor, Malaysia",41,2.493914,102.862694
2026-01-04 15:18:13,"Keningau, Sabah, Malaysia",25,5.339317,116.163658
2026-01-04 15:18:13,"Miri, Sarawak, Malaysia",21,4.424679,114.012426
2026-01-04 15:18:13,"Pasir Gudang, Johor, Malaysia",53,1.470122,103.893456
2026-01-04 15:18:13,"Bukit Rambai, Melaka, Malaysia",54,2.258519,102.172683
2026-01-04 15:18:13,"Bakar Arang, Sg. Petani, Kedah, Malaysia",57,5.629631,100.467771
2026-01-04 15:18:13,"Limbang, Sarawak, Malaysia",15,4.758891,115.013667
2026-01-04 15:18:13,"Sandakan, Sabah, Malaysia",21,5.864467,118.091089
2026-01-04 15:18:13,"Petaling Jaya, Selangor, Malaysia",54,3.133169,101.608011
2026-01-04 15:18:13,"Kota Kinabalu, Sabah, Malaysia",28,5.89372,116.04327
2026-01-04 15:18:13,"Sibu, Sarawak, Malaysia",12,2.314408,111.831916
2026-01-04 15:18:13,"Pelabuhan Kelang, Selangor, Malaysia",57,3.014889,101.413111
2026-01-04 15:18:13,"Betong, Thailand (ต.เบตง อ.เบตง จ.ยะลา)",36,5.763873,101.067903
2026-01-04 15:18:13,"Labuan, Wilayah Persekutuan, Malaysia",21,5.298107,115.232106
2026-01-04 15:18:13,"Temerloh, Pahang, Malaysia",46,3.471603,102.376406
2026-01-04 15:18:13,"Rompin, Pahang, Malaysia",45,2.926645,103.419198
2026-01-04 15:18:13,"Putrajaya, W.p. Putrajaya, Malaysia",59,2.914816,101.69005
2026-01-04 15:18:13,"Sri Aman, Sarawak, Malaysia",14,1.219656,111.464792
2026-01-04 15:18:13,"Port Dickson, Negeri Sembilan, Malaysia",55,2.441383,101.866858
2026-01-04 15:18:13,"Perai, Pulau Pinang, Malaysia",58,5.329358,100.443475
2026-01-04 15:18:13,"West, Singapore",55,1.3880078,103.698064
2026-01-04 15:18:13,"Kluang, Johor, Malaysia",37,2.037882,103.312063
2026-01-04 15:18:13,"Nilai, Negeri Sembilan, Malaysia",52,2.821692,101.811486
2026-01-04 15:18:13,"Kuala Belait, Brunei",1,4.5831986,114.2212174
2026-01-04 15:18:13,"Kuching, Sarawak, Malaysia",21,1.562229,110.388958
2026-01-04 15:18:13,"Seremban, Negeri Sembilan, Malaysia",53,2.723381,101.968497
2026-01-04 15:18:13,"Temburong, Brunei",6,4.6204128,115.141484
2026-01-04 15:18:13,"Kg. Air Putih, Taiping, Perak, Malaysia",54,4.89885,100.679106
2026-01-04 15:18:13,"Tanah Merah, Kelantan, Malaysia",66,5.811172,102.1345
2026-01-04 16:22:29,"West, Singapore",55,1.3880078,103.698064
2026-01-04 16:22:29,"Pekan Tutong, Brunei",2,4.8140524,114.6608562
2026-01-04 16:22:29,"Sri Aman, Sarawak, Malaysia",14,1.219656,111.464792
2026-01-04 16:22:29,"Kuala Belait, Brunei",1,4.5831986,114.2212174
2026-01-04 16:22:29,"Kuching, Sarawak, Malaysia",21,1.562229,110.388958
2026-01-04 16:22:29,"Rompin, Pahang, Malaysia",43,2.926645,103.419198
2026-01-04 16:22:29,"Kapit, Sarawak, Malaysia",18,2.014498,112.92736
2026-01-04 16:22:29,"Sibu, Sarawak, Malaysia",11,2.314408,111.831916
2026-01-04 16:22:29,"Seri Manjung, Perak, Malaysia",56,4.200344,100.663358
2026-01-04 16:22:29,"Keningau, Sabah, Malaysia",25,5.339317,116.163658
2026-01-04 16:22:29,"Temburong, Brunei",6,4.6204128,115.141484
2026-01-04 16:22:29,"Sandakan, Sabah, Malaysia",21,5.864467,118.091089
2026-01-04 16:22:29,"Bakar Arang, Sg. Petani, Kedah, Malaysia",57,5.629631,100.467771
2026-01-04 16:22:29,"Samalaju, Sarawak, Malaysia",33,3.537059,113.295168
2026-01-04 16:22:29,"Miri, Sarawak, Malaysia",21,4.424679,114.012426
2026-01-04 16:22:29,"Batu Pahat, Johor, Malaysia",43,1.919323,102.866618
2026-01-04 16:22:29,"Seremban, Negeri Sembilan, Malaysia",53,2.723381,101.968497
2026-01-04 16:22:29,"Indera Mahkota, Kuantan, Pahang, Malaysia",47,3.819217,103.29655
2026-01-04 16:22:29,"South, Singapore",65,1.296183,103.846181
2026-01-04 16:22:29,"East, Singapore",46,1.3645924,103.9477547
2026-01-04 16:22:29,"Brunei Muara, Brunei",1,4.9311206,114.9516869
2026-01-04 16:22:29,"Sarikei, Sarawak, Malaysia",12,2.132809,111.52287
2026-01-04 16:22:29,"Segamat, Johor, Malaysia",41,2.493914,102.862694
2026-01-04 16:22:29,"Port Dickson, Negeri Sembilan, Malaysia",55,2.441383,101.866858
2026-01-04 16:22:29,"Putrajaya, W.p. Putrajaya, Malaysia",59,2.914816,101.69005
2026-01-04 16:22:29,"Batu Muda,Kuala Lumpur, Wilayah Persekutuan, Malaysia",44,3.212439,101.682228
2026-01-04 16:22:29,"Besut, Terengganu, Malaysia",47,5.748449,102.515632
2026-01-04 16:22:29,"Nilai, Negeri Sembilan, Malaysia",52,2.821692,101.811486
2026-01-04 16:22:29,"Pelabuhan Kelang, Selangor, Malaysia",57,3.014889,101.413111
2026-01-04 16:22:29,"Balik Pulau, Pulau Pinang, Malaysia",59,5.337598,100.214721
2026-01-04 16:22:29,"Kemaman, Terengganu, Malaysia",55,4.262121,103.425778
2026-01-04 16:22:29,"Tanah Merah, Kelantan, Malaysia",67,5.811172,102.1345
2026-01-04 16:22:29,"Jalan Tasek, Ipoh, Perak, Malaysia",48,4.629444,101.11665
2026-01-04 16:22:29,"Tawau, Sabah, Malaysia",27,4.249786,117.935864
2026-01-04 16:22:29,"Balok Baru, Kuantan, Pahang, Malaysia",59,3.960644,103.382158
2026-01-04 16:22:29,"Seberang Jaya 2, Perai, Pulau Pinang, Malaysia",58,5.39817,100.403947
2026-01-04 16:22:29,"Tangkak, Johor, Malaysia",46,2.294794,102.571595
2026-01-04 16:22:29,"Jerantut, Pahang, Malaysia",47,3.94836,102.366632
2026-01-04 16:22:29,"Kuala Terengganu, Terengganu, Malaysia",64,5.308094,103.120392
2026-01-04 16:22:29,"Kluang, Johor, Malaysia",36,2.037882,103.312063
2026-01-04 16:22:29,"Tanjung Malim, Perak, Malaysia",47,3.687758,101.524494
2026-01-04 16:22:29,"Pengerang, Johor, Malaysia",52,1.389489,104.149586
2026-01-04 16:22:29,"Paka, Terengganu, Malaysia",46,4.598064,103.434819
2026-01-04 16:22:29,"Kg. Air Putih, Taiping, Perak, Malaysia",54,4.89885,100.679106
2026-01-04 16:22:29,"Kimanis, Sabah, Malaysia",13,5.538225,115.850556
2026-01-04 16:22:29,"Pasir Gudang, Johor, Malaysia",53,1.470122,103.893456
2026-01-04 16:22:29,"Temerloh, Pahang, Malaysia",46,3.471603,102.376406
2026-01-04 16:22:29,"Betong, Thailand (ต.เบตง อ.เบตง จ.ยะลา)",28,5.763873,101.067903
2026-01-04 16:22:29,"Kota Kinabalu, Sabah, Malaysia",27,5.89372,116.04327
2026-01-04 16:22:29,"Mukah, Sarawak, Malaysia",11,2.883238,112.019742
2026-01-04 16:22:29,"Kuala Selangor, Selangor, Malaysia",53,3.321308,101.256242
2026-01-04 16:22:29,"S K Jalan Pegoh, Ipoh, Perak, Malaysia",51,4.553336,101.080236
2026-01-04 16:22:29,"Perai, Pulau Pinang, Malaysia",57,5.329358,100.443475
2026-01-04 16:22:29,"Labuan, Wilayah Persekutuan, Malaysia",21,5.298107,115.232106
2026-01-04 16:22:29,"Bukit Rambai, Melaka, Malaysia",54,2.258519,102.172683
2026-01-04 16:22:29,"Banting, Selangor, Malaysia",62,2.816689,101.623158
2026-01-04 16:22:29,"Petaling Jaya, Selangor, Malaysia",53,3.133169,101.608011
2026-01-04 16:22:29,"Bintulu, Sarawak, Malaysia",17,3.177084,113.041091
2026-01-04 16:22:29,"Limbang, Sarawak, Malaysia",15,4.758891,115.013667
2026-01-04 17:16:25,"Betong, Thailand (ต.เบตง อ.เบตง จ.ยะลา)",28,5.763873,101.067903
2026-01-04 17:16:25,"Kapit, Sarawak, Malaysia",18,2.014498,112.92736
2026-01-04 17:16:25,"East, Singapore",46,1.3645924,103.9477547
2026-01-04 17:16:25,"Bukit Rambai, Melaka, Malaysia",54,2.258519,102.172683
2026-01-04 17:16:25,"Kg. Air Putih, Taiping, Perak, Malaysia",54,4.89885,100.679106
2026-01-04 17:16:25,"Kimanis, Sabah, Malaysia",13,5.538225,115.850556
2026-01-04 17:16:25,"Kuala Belait, Brunei",1,4.5831986,114.2212174
2026-01-04 17:16:25,"S K Jalan Pegoh, Ipoh, Perak, Malaysia",51,4.553336,101.080236
2026-01-04 17:16:25,"Rompin, Pahang, Malaysia",41,2.926645,103.419198
2026-01-04 17:16:25,"Balok Baru, Kuantan, Pahang, Malaysia",59,3.960644,103.382158
2026-01-04 17:16:25,"Indera Mahkota, Kuantan, Pahang, Malaysia",46,3.819217,103.29655
2026-01-04 17:16:25,"Kota Kinabalu, Sabah, Malaysia",26,5.89372,116.04327
2026-01-04 17:16:25,"Mukah, Sarawak, Malaysia",11,2.883238,112.019742
2026-01-04 17:16:25,"Perai, Pulau Pinang, Malaysia",58,5.329358,100.443475
2026-01-04 17:16:25,"Tangkak, Johor, Malaysia",46,2.294794,102.571595
2026-01-04 17:16:25,"Banting, Selangor, Malaysia",62,2.816689,101.623158
2026-01-04 17:16:25,"Batu Muda,Kuala Lumpur, Wilayah Persekutuan, Malaysia",44,3.212439,101.682228
2026-01-04 17:16:25,"Tanjung Malim, Perak, Malaysia",47,3.687758,101.524494
2026-01-04 17:16:25,"Keningau, Sabah, Malaysia",24,5.339317,116.163658
2026-01-04 17:16:25,"Labuan, Wilayah Persekutuan, Malaysia",20,5.298107,115.232106
2026-01-04 17:16:25,"Kuching, Sarawak, Malaysia",21,1.562229,110.388958
2026-01-04 17:16:25,"North, Singapore",59,1.4296436,103.7960862
2026-01-04 17:16:25,"Segamat, Johor, Malaysia",41,2.493914,102.862694
2026-01-04 17:16:25,"Pelabuhan Kelang, Selangor, Malaysia",57,3.014889,101.413111
2026-01-04 17:16:25,"Bakar Arang, Sg. Petani, Kedah, Malaysia",57,5.629631,100.467771
2026-01-04 17:16:25,"Kuala Terengganu, Terengganu, Malaysia",64,5.308094,103.120392
2026-01-04 17:16:25,"Temburong, Brunei",6,4.6204128,115.141484
2026-01-04 17:16:25,"Sibu, Sarawak, Malaysia",11,2.314408,111.831916
2026-01-04 17:16:25,"Sri Aman, Sarawak, Malaysia",13,1.219656,111.464792
2026-01-04 17:16:25,"Jerantut, Pahang, Malaysia",46,3.94836,102.366632
2026-01-04 17:16:25,"Temerloh, Pahang, Malaysia",47,3.471603,102.376406
2026-01-04 17:16:25,"Nilai, Negeri Sembilan, Malaysia",52,2.821692,101.811486
2026-01-04 17:16:25,"Petaling Jaya, Selangor, Malaysia",53,3.133169,101.608011
2026-01-04 17:16:25,"Sarikei, Sarawak, Malaysia",12,2.132809,111.52287
2026-01-04 17:16:25,"Pasir Gudang, Johor, Malaysia",53,1.470122,103.893456
2026-01-04 17:16:25,"Port Dickson, Negeri Sembilan, Malaysia",55,2.441383,101.866858
2026-01-04 17:16:25,"Bintulu, Sarawak, Malaysia",17,3.177084,113.041091
2026-01-04 17:16:25,"Limbang, Sarawak, Malaysia",15,4.758891,115.013667
2026-01-04 17:16:25,"Brunei Muara, Brunei",1,4.9311206,114.9516869
2026-01-04 17:16:25,"Jalan Tasek, Ipoh, Perak, Malaysia",48,4.629444,101.11665
2026-01-04 17:16:25,"Paka, Terengganu, Malaysia",46,4.598064,103.434819
2026-01-04 17:16:25,"Seri Manjung, Perak, Malaysia",56,4.200344,100.663358
2026-01-04 17:16:25,"Sandakan, Sabah, Malaysia",20,5.864467,118.091089
2026-01-04 17:16:25,"Pengerang, Johor, Malaysia",52,1.389489,104.149586
2026-01-04 17:16:25,"Kemaman, Terengganu, Malaysia",55,4.262121,103.425778
2026-01-04 17:16:25,"Balik Pulau, Pulau Pinang, Malaysia",58,5.337598,100.214721
2026-01-04 17:16:25,"Tawau, Sabah, Malaysia",26,4.249786,117.935864
2026-01-04 17:16:25,"Samalaju, Sarawak, Malaysia",33,3.537059,113.295168
2026-01-04 17:16:25,"Batu Pahat, Johor, Malaysia",43,1.919323,102.866618
2026-01-04 17:16:25,"Besut, Terengganu, Malaysia",47,5.748449,102.515632
2026-01-04 17:16:25,"Seberang Jaya 2, Perai, Pulau Pinang, Malaysia",56,5.39817,100.403947
2026-01-04 17:16:25,"Putrajaya, W.p. Putrajaya, Malaysia",59,2.914816,101.69005
2026-01-04 17:16:25,"Kluang, Johor, Malaysia",36,2.037882,103.312063
2026-01-04 17:16:25,"Seremban, Negeri Sembilan, Malaysia",53,2.723381,101.968497
2026-01-04 17:16:25,"Kuala Selangor, Selangor, Malaysia",53,3.321308,101.256242
2026-01-04 17:16:25,"Tanah Merah, Kelantan, Malaysia",68,5.811172,102.1345
2026-01-04 17:16:25,"Miri, Sarawak, Malaysia",21,4.424679,114.012426
2026-01-04 17:16:25,"Pekan Tutong, Brunei",2,4.8140524,114.6608562
2026-01-04 17:16:25,"South, Singapore",53,1.296183,103.846181
2026-01-04 18:26:57,"Samarahan, Sarawak, Malaysia",22,1.454853,110.491505
2026-01-04 18:26:57,"Sibu, Sarawak, Malaysia",11,2.314408,111.831916
2026-01-04 18:26:57,"East, Singapore",53,1.3645924,103.9477547
2026-01-04 18:26:57,"Labuan, Wilayah Persekutuan, Malaysia",20,5.298107,115.232106
2026-01-04 18:26:57,"Seberang Jaya 2, Perai, Pulau Pinang, Malaysia",56,5.39817,100.403947
2026-01-04 18:26:57,"Paka, Terengganu, Malaysia",44,4.598064,103.434819
2026-01-04 18:26:57,"Balik Pulau, Pulau Pinang, Malaysia",58,5.337598,100.214721
2026-01-04 18:26:57,"Limbang, Sarawak, Malaysia",15,4.758891,115.013667
2026-01-04 18:26:57,"Bukit Rambai, Melaka, Malaysia",54,2.258519,102.172683
2026-01-04 18:26:57,"Putrajaya, W.p. Putrajaya, Malaysia",59,2.914816,101.69005
2026-01-04 18:26:57,"Mukah, Sarawak, Malaysia",11,2.883238,112.019742
2026-01-04 18:26:57,"Rompin, Pahang, Malaysia",41,2.926645,103.419198
2026-01-04 18:26:57,"Seri Manjung, Perak, Malaysia",57,4.200344,100.663358
2026-01-04 18:26:57,"Tawau, Sabah, Malaysia",26,4.249786,117.935864
2026-01-04 18:26:57,"Sandakan, Sabah, Malaysia",20,5.864467,118.091089
2026-01-04 18:26:57,"Kemaman, Terengganu, Malaysia",55,4.262121,103.425778
2026-01-04 18:26:57,"Brunei Muara, Brunei",1,4.9311206,114.9516869
2026-01-04 18:26:57,"Temerloh, Pahang, Malaysia",48,3.471603,102.376406
2026-01-04 18:26:57,"Batu Pahat, Johor, Malaysia",44,1.919323,102.866618
2026-01-04 18:26:57,"Indera Mahkota, Kuantan, Pahang, Malaysia",46,3.819217,103.29655
2026-01-04 18:26:57,"Batu Muda,Kuala Lumpur, Wilayah Persekutuan, Malaysia",43,3.212439,101.682228
2026-01-04 18:26:57,"Kimanis, Sabah, Malaysia",13,5.538225,115.850556
2026-01-04 18:26:57,"Samalaju, Sarawak, Malaysia",34,3.537059,113.295168
2026-01-04 18:26:57,"Sarikei, Sarawak, Malaysia",12,2.132809,111.52287
2026-01-04 18:26:57,"Tanah Merah, Kelantan, Malaysia",68,5.811172,102.1345
2026-01-04 18:26:57,"Kota Kinabalu, Sabah, Malaysia",25,5.89372,116.04327
2026-01-04 18:26:57,"Jerantut, Pahang, Malaysia",45,3.94836,102.366632
2026-01-04 18:26:57,"Kuala Terengganu, Terengganu, Malaysia",66,5.308094,103.120392
2026-01-04 18:26:57,"Kluang, Johor, Malaysia",36,2.037882,103.312063
2026-01-04 18:26:57,"Balok Baru, Kuantan, Pahang, Malaysia",60,3.960644,103.382158
2026-01-04 18:26:57,"Nilai, Negeri Sembilan, Malaysia",52,2.821692,101.811486
2026-01-04 18:26:57,"Keningau, Sabah, Malaysia",24,5.339317,116.163658
2026-01-04 18:26:57,"Bintulu, Sarawak, Malaysia",17,3.177084,113.041091
2026-01-04 18:26:57,"Banting, Selangor, Malaysia",62,2.816689,101.623158
2026-01-04 18:26:57,"Pekan Tutong, Brunei",2,4.8140524,114.6608562
2026-01-04 18:26:57,"Port Dickson, Negeri Sembilan, Malaysia",55,2.441383,101.866858
2026-01-04 18:26:57,"Besut, Terengganu, Malaysia",47,5.748449,102.515632
2026-01-04 18:26:57,"North, Singapore",55,1.4296436,103.7960862
2026-01-04 18:26:57,"Jalan Tasek, Ipoh, Perak, Malaysia",49,4.629444,101.11665
2026-01-04 18:26:57,"Kg. Air Putih, Taiping, Perak, Malaysia",54,4.89885,100.679106
2026-01-04 18:26:57,"Kapit, Sarawak, Malaysia",18,2.014498,112.92736
2026-01-04 18:26:57,"Temburong, Brunei",6,4.6204128,115.141484
2026-01-04 18:26:57,"Kuala Belait, Brunei",1,4.5831986,114.2212174
2026-01-04 18:26:57,"Betong, Thailand (ต.เบตง อ.เบตง จ.ยะลา)",26,5.763873,101.067903
2026-01-04 18:26:57,"Tangkak, Johor, Malaysia",45,2.294794,102.571595
2026-01-04 18:26:57,"Kuala Selangor, Selangor, Malaysia",52,3.321308,101.256242
2026-01-04 18:26:57,"Bakar Arang, Sg. Petani, Kedah, Malaysia",56,5.629631,100.467771
2026-01-04 18:26:57,"Petaling Jaya, Selangor, Malaysia",53,3.133169,101.608011
2026-01-04 18:26:57,"Tanjung Malim, Perak, Malaysia",48,3.687758,101.524494
2026-01-04 18:26:57,"S K Jalan Pegoh, Ipoh, Perak, Malaysia",49,4.553336,101.080236
2026-01-04 18:26:57,"Perai, Pulau Pinang, Malaysia",58,5.329358,100.443475
2026-01-04 18:26:57,"Pengerang, Johor, Malaysia",52,1.389489,104.149586
2026-01-04 18:26:57,"South, Singapore",42,1.296183,103.846181
2026-01-04 18:26:57,"Pelabuhan Kelang, Selangor, Malaysia",57,3.014889,101.413111
2026-01-04 18:26:57,"Miri, Sarawak, Malaysia",21,4.424679,114.012426
2026-01-04 18:26:57,"Sri Aman, Sarawak, Malaysia",13,1.219656,111.464792
2026-01-04 18:26:57,"Segamat, Johor, Malaysia",40,2.493914,102.862694
2026-01-04 18:26:57,"Seremban, Negeri Sembilan, Malaysia",53,2.723381,101.968497
2026-01-04 18:26:57,"Pasir Gudang, Johor, Malaysia",53,1.470122,103.893456
2026-01-04 19:14:51,"Temburong, Brunei",6,4.6204128,115.141484
2026-01-04 19:14:51,"Port Dickson, Negeri Sembilan, Malaysia",55,2.441383,101.866858
2026-01-04 19:14:51,"Keningau, Sabah, Malaysia",25,5.339317,116.163658
2026-01-04 19:14:51,"Kuala Belait, Brunei",1,4.5831986,114.2212174
2026-01-04 19:14:51,"Kota Kinabalu, Sabah, Malaysia",26,5.89372,116.04327
2026-01-04 19:14:51,"Sarikei, Sarawak, Malaysia",13,2.132809,111.52287
2026-01-04 19:14:51,"Sibu, Sarawak, Malaysia",11,2.314408,111.831916
2026-01-04 19:14:51,"Pasir Gudang, Johor, Malaysia",53,1.470122,103.893456
2026-01-04 19:14:51,"Talang Betutu Palembang, Indonesia",154,-2.94,104.7
2026-01-04 19:14:51,"Kototabang, Indonesia",64,-0.251,100.382
2026-01-04 19:14:51,"Seri Manjung, Perak, Malaysia",56,4.200344,100.663358
2026-01-04 19:14:51,"Medan, Indonesia",57,3.59,98.85
2026-01-04 19:14:51,"Bakar Arang, Sg. Petani, Kedah, Malaysia",56,5.629631,100.467771
2026-01-04 19:14:51,"Batu Pahat, Johor, Malaysia",44,1.919323,102.866618
2026-01-04 19:14:51,"Bukit Rambai, Melaka, Malaysia",54,2.258519,102.172683
2026-01-04 19:14:51,"Pengerang, Johor, Malaysia",51,1.389489,104.149586
2026-01-04 19:14:51,"Tangkak, Johor, Malaysia",45,2.294794,102.571595
2026-01-04 19:14:51,"Kuala Selangor, Selangor, Malaysia",51,3.321308,101.256242
2026-01-04 19:14:51,"Malang, Indonesia",60,-7.9551897,112.6119383
2026-01-04 19:14:51,"Sintang, Indonesia",8,0.066,111.477
2026-01-04 19:14:51,"Mukah, Sarawak, Malaysia",11,2.883238,112.019742
2026-01-04 19:14:51,"Paka, Terengganu, Malaysia",42,4.598064,103.434819
2026-01-04 19:14:51,"Bintulu, Sarawak, Malaysia",17,3.177084,113.041091
2026-01-04 19:14:51,"Mempawah, Indonesia",24,0.124,110.456
2026-01-04 19:14:51,"Sandakan, Sabah, Malaysia",19,5.864467,118.091089
2026-01-04 19:14:51,"Segamat, Johor, Malaysia",39,2.493914,102.862694
2026-01-04 19:14:51,"Balok Baru, Kuantan, Pahang, Malaysia",60,3.960644,103.382158
2026-01-04 19:14:51,"Nilai, Negeri Sembilan, Malaysia",52,2.821692,101.811486
2026-01-04 19:14:51,"Samalaju, Sarawak, Malaysia",34,3.537059,113.295168
2026-01-04 19:14:51,"Pekan Tutong, Brunei",2,4.8140524,114.6608562
2026-01-04 19:14:51,"Banting, Selangor, Malaysia",62,2.816689,101.623158
2026-01-04 19:14:51,"Seberang Jaya 2, Perai, Pulau Pinang, Malaysia",56,5.39817,100.403947
2026-01-04 19:14:51,"Palangka Raya, Indonesia",21,-2.22611,113.945
2026-01-04 19:14:51,"Kemayoran, Indonesia",60,-6.155,106.846
2026-01-04 19:14:51,"Labuan, Wilayah Persekutuan, Malaysia",20,5.298107,115.232106
2026-01-04 19:14:51,"Temerloh, Pahang, Malaysia",48,3.471603,102.376406
2026-01-04 19:14:51,"Batu Muda,Kuala Lumpur, Wilayah Persekutuan, Malaysia",45,3.212439,101.682228
2026-01-04 19:14:51,"Semarang, Indonesia",37,-6.985,110.381
2026-01-04 19:14:51,"Pangkalanbun, Indonesia",19,-2.676583,111.626448
2026-01-04 19:14:51,"Bengkulu, Indonesia",60,-3.865,102.312
2026-01-04 19:14:51,"Indera Mahkota, Kuantan, Pahang, Malaysia",45,3.819217,103.29655
2026-01-04 19:14:51,"Sorong, Indonesia",42,-0.8634105,131.2544805
2026-01-04 19:14:51,"Kimanis, Sabah, Malaysia",13,5.538225,115.850556
2026-01-04 19:14:51,"North, Singapore",55,1.4296436,103.7960862
2026-01-04 19:14:51,"Banjarbaru, Indonesia",57,-3.475,114.856
2026-01-04 19:14:51,"South, Singapore",57,1.296183,103.846181
2026-01-04 19:14:51,"East, Singapore",50,1.3645924,103.9477547
2026-01-04 19:14:51,"Jalan Tasek, Ipoh, Perak, Malaysia",49,4.629444,101.11665
2026-01-04 19:14:51,"Kg. Air Putih, Taiping, Perak, Malaysia",53,4.89885,100.679106
2026-01-04 19:14:51,"Perai, Pulau Pinang, Malaysia",58,5.329358,100.443475
2026-01-04 19:14:51,"Samarinda, Indonesia",27,-0.4825,117.1563
2026-01-04 19:14:51,"Sleman, Indonesia",50,-7.731,110.354
2026-01-04 19:14:51,"Indrapuri, Indonesia",26,5.404,95.475
2026-01-04 19:14:51,"Tawau, Sabah, Malaysia",26,4.249786,117.935864
2026-01-04 19:14:51,"Miri, Sarawak, Malaysia",21,4.424679,114.012426
2026-01-04 19:14:51,"Kemaman, Terengganu, Malaysia",54,4.262121,103.425778
2026-01-04 19:14:51,"Tanah Merah, Kelantan, Malaysia",69,5.811172,102.1345
2026-01-04 19:14:51,"Betong, Thailand (ต.เบตง อ.เบตง จ.ยะลา)",27,5.763873,101.067903
2026-01-04 19:14:51,"Maros, Indonesia",63,-4.997,119.57
2026-01-04 19:14:51,"Tanjung Harapan, Indonesia",26,2.83,117.36
2026-01-04 19:14:51,"Jerantut, Pahang, Malaysia",45,3.94836,102.366632
2026-01-04 19:14:51,"Besut, Terengganu, Malaysia",47,5.748449,102.515632
2026-01-04 19:14:51,"Seremban, Negeri Sembilan, Malaysia",53,2.723381,101.968497
2026-01-04 19:14:51,"Kuala Terengganu, Terengganu, Malaysia",67,5.308094,103.120392
2026-01-04 19:14:51,"Jambi, Indonesia",83,-1.6318964,103.6414547
2026-01-04 19:14:51,"Batam, Indonesia",62,1.124,104.126
2026-01-04 19:14:51,"Putrajaya, W.p. Putrajaya, Malaysia",59,2.914816,101.69005
2026-01-04 19:14:51,"Tanjung Malim, Perak, Malaysia",48,3.687758,101.524494
2026-01-04 19:14:51,"Pesawaran, Indonesia",38,-5.17,105.178
2026-01-04 19:14:51,"Sri Aman, Sarawak, Malaysia",13,1.219656,111.464792
2026-01-04 19:14:51,"Pekanbaru, Indonesia",83,0.46667,101.4666
2026-01-04 19:14:51,"Kluang, Johor, Malaysia",35,2.037882,103.312063
2026-01-04 19:14:51,"Pelabuhan Kelang, Selangor, Malaysia",57,3.014889,101.413111
2026-01-04 19:14:51,"Supadio, Indonesia",40,-0.14,109.45
2026-01-04 19:14:51,"Brunei Muara, Brunei",1,4.9311206,114.9516869
2026-01-04 19:14:51,"Samarahan, Sarawak, Malaysia",22,1.454853,110.491505
2026-01-04 19:14:51,"Rompin, Pahang, Malaysia",41,2.926645,103.419198
2026-01-04 19:14:51,"Petaling Jaya, Selangor, Malaysia",53,3.133169,101.608011
2026-01-04 19:14:51,"S K Jalan Pegoh, Ipoh, Perak, Malaysia",49,4.553336,101.080236
2026-01-04 19:14:51,"Balik Pulau, Pulau Pinang, Malaysia",58,5.337598,100.214721
2026-01-04 19:14:51,"Kapit, Sarawak, Malaysia",17,2.014498,112.92736
2026-01-04 19:14:51,"Limbang, Sarawak, Malaysia",15,4.758891,115.013667
2026-01-04 20:21:15,"Seri Manjung, Perak, Malaysia",56,4.200344,100.663358
2026-01-04 20:21:15,"Kemayoran, Indonesia",49,-6.155,106.846
2026-01-04 20:21:15,"Batam, Indonesia",60,1.124,104.126
2026-01-04 20:21:15,"Indera Mahkota, Kuantan, Pahang, Malaysia",45,3.819217,103.29655
2026-01-04 20:21:15,"Tawau, Sabah, Malaysia",26,4.249786,117.935864
2026-01-04 20:21:15,"Kimanis, Sabah, Malaysia",13,5.538225,115.850556
2026-01-04 20:21:15,"Sandakan, Sabah, Malaysia",19,5.864467,118.091089
2026-01-04 20:21:15,"Sarikei, Sarawak, Malaysia",13,2.132809,111.52287
2026-01-04 20:21:15,"Banjarbaru, Indonesia",27,-3.475,114.856
2026-01-04 20:21:15,"Samarinda, Indonesia",40,-0.4825,117.1563
2026-01-04 20:21:15,"Semarang, Indonesia",60,-6.985,110.381
2026-01-04 20:21:15,"Samarahan, Sarawak, Malaysia",25,1.454853,110.491505
2026-01-04 20:21:15,"North, Singapore",61,1.4296436,103.7960862
2026-01-04 20:21:15,"Rompin, Pahang, Malaysia",39,2.926645,103.419198
2026-01-04 20:21:15,"Tanah Merah, Kelantan, Malaysia",69,5.811172,102.1345
2026-01-04 20:21:15,"Seberang Jaya 2, Perai, Pulau Pinang, Malaysia",56,5.39817,100.403947
2026-01-04 20:21:15,"Maros, Indonesia",60,-4.997,119.57
2026-01-04 20:21:15,"Supadio, Indonesia",40,-0.14,109.45
2026-01-04 20:21:15,"Tanjung Harapan, Indonesia",36,2.83,117.36
2026-01-04 20:21:15,"Kuala Selangor, Selangor, Malaysia",49,3.321308,101.256242
2026-01-04 20:21:15,"Kemaman, Terengganu, Malaysia",53,4.262121,103.425778
2026-01-04 20:21:15,"Palangka Raya, Indonesia",13,-2.22611,113.945
2026-01-04 20:21:15,"Temburong, Brunei",6,4.6204128,115.141484
2026-01-04 20:21:15,"Port Dickson, Negeri Sembilan, Malaysia",55,2.441383,101.866858
2026-01-04 20:21:15,"Putrajaya, W.p. Putrajaya, Malaysia",59,2.914816,101.69005
2026-01-04 20:21:15,"Jerantut, Pahang, Malaysia",45,3.94836,102.366632
2026-01-04 20:21:15,"Pesawaran, Indonesia",31,-5.17,105.178
2026-01-04 20:21:15,"Kuala Belait, Brunei",1,4.5831986,114.2212174
2026-01-04 20:21:15,"South, Singapore",53,1.296183,103.846181
2026-01-04 20:21:15,"Bengkulu, Indonesia",56,-3.865,102.312
2026-01-04 20:21:15,"Besut, Terengganu, Malaysia",48,5.748449,102.515632
2026-01-04 20:21:15,"Balik Pulau, Pulau Pinang, Malaysia",58,5.337598,100.214721
2026-01-04 20:21:15,"Labuan, Wilayah Persekutuan, Malaysia",19,5.298107,115.232106
2026-01-04 20:21:15,"Kluang, Johor, Malaysia",34,2.037882,103.312063
2026-01-04 20:21:15,"Pelabuhan Kelang, Selangor, Malaysia",58,3.014889,101.413111
2026-01-04 20:21:15,"Petaling Jaya, Selangor, Malaysia",54,3.133169,101.608011
2026-01-04 20:21:15,"Paka, Terengganu, Malaysia",41,4.598064,103.434819
2026-01-04 20:21:15,"Sorong, Indonesia",27,-0.8634105,131.2544805
2026-01-04 20:21:15,"Sleman, Indonesia",34,-7.731,110.354
2026-01-04 20:21:15,"Kapit, Sarawak, Malaysia",18,2.014498,112.92736
2026-01-04 20:21:15,"Kg. Air Putih, Taiping, Perak, Malaysia",53,4.89885,100.679106
2026-01-04 20:21:15,"Sri Aman, Sarawak, Malaysia",13,1.219656,111.464792
2026-01-04 20:21:15,"S K Jalan Pegoh, Ipoh, Perak, Malaysia",49,4.553336,101.080236
2026-01-04 20:21:15,"Talang Betutu Palembang, Indonesia",112,-2.94,104.7
2026-01-04 20:21:15,"Kototabang, Indonesia",87,-0.251,100.382
2026-01-04 20:21:15,"Limbang, Sarawak, Malaysia",14,4.758891,115.013667
2026-01-04 20:21:15,"Malang, Indonesia",59,-7.9551897,112.6119383
2026-01-04 20:21:15,"Samalaju, Sarawak, Malaysia",34,3.537059,113.295168
2026-01-04 20:21:15,"East, Singapore",34,1.3645924,103.9477547
2026-01-04 20:21:15,"Nilai, Negeri Sembilan, Malaysia",51,2.821692,101.811486
2026-01-04 20:21:15,"Indrapuri, Indonesia",22,5.404,95.475
2026-01-04 20:21:15,"Muaro Jambi, Indonesia",86,-1.635,103.646
2026-01-04 20:21:15,"Brunei Muara, Brunei",1,4.9311206,114.9516869
2026-01-04 20:21:15,"Pekanbaru, Indonesia",59,0.46667,101.4666
2026-01-04 20:21:15,"Jalan Tasek, Ipoh, Perak, Malaysia",48,4.629444,101.11665
2026-01-04 20:21:15,"Bakar Arang, Sg. Petani, Kedah, Malaysia",55,5.629631,100.467771
2026-01-04 20:21:15,"Pekan Tutong, Brunei",2,4.8140524,114.6608562
2026-01-04 20:21:15,"Balok Baru, Kuantan, Pahang, Malaysia",61,3.960644,103.382158
2026-01-04 20:21:15,"Kuala Terengganu, Terengganu, Malaysia",67,5.308094,103.120392
2026-01-04 20:21:15,"Betong, Thailand (ต.เบตง อ.เบตง จ.ยะลา)",30,5.763873,101.067903
2026-01-04 20:21:15,"Seremban, Negeri Sembilan, Malaysia",52,2.723381,101.968497
2026-01-04 20:21:15,"Temerloh, Pahang, Malaysia",48,3.471603,102.376406
2026-01-04 20:21:15,"Banting, Selangor, Malaysia",62,2.816689,101.623158
2026-01-04 20:21:15,"Miri, Sarawak, Malaysia",22,4.424679,114.012426
2026-01-04 20:21:15,"Kota Kinabalu, Sabah, Malaysia",26,5.89372,116.04327
2026-01-04 20:21:15,"Medan, Indonesia",55,3.59,98.85
2026-01-04 20:21:15,"Pangkalanbun, Indonesia",20,-2.676583,111.626448
2026-01-04 20:21:15,"Keningau, Sabah, Malaysia",25,5.339317,116.163658
2026-01-04 20:21:15,"Bintulu, Sarawak, Malaysia",17,3.177084,113.041091
2026-01-04 20:21:15,"Pasir Gudang, Johor, Malaysia",53,1.470122,103.893456
2026-01-04 20:21:15,"Bukit Rambai, Melaka, Malaysia",53,2.258519,102.172683
2026-01-04 20:21:15,"Perai, Pulau Pinang, Malaysia",58,5.329358,100.443475
2026-01-04 20:21:15,"Kotabaru, Indonesia",10,-3.3,116.17
2026-01-04 20:21:15,"Mukah, Sarawak, Malaysia",10,2.883238,112.019742
2026-01-04 20:21:15,"Pengerang, Johor, Malaysia",51,1.389489,104.149586
2026-01-04 20:21:15,"Batu Pahat, Johor, Malaysia",43,1.919323,102.866618
2026-01-04 20:21:15,"Tangkak, Johor, Malaysia",45,2.294794,102.571595
2026-01-04 20:21:15,"Batu Muda,Kuala Lumpur, Wilayah Persekutuan, Malaysia",46,3.212439,101.682228
2026-01-04 20:21:15,"Sibu, Sarawak, Malaysia",12,2.314408,111.831916
2026-01-04 20:21:15,"Sintang, Indonesia",13,0.066,111.477
2026-01-04 20:21:15,"Mempawah, Indonesia",19,0.124,110.456
2026-01-04 20:21:15,"Segamat, Johor, Malaysia",40,2.493914,102.862694
2026-01-04 20:21:15,"Tanjung Malim, Perak, Malaysia",47,3.687758,101.524494
2026-01-04 21:17:24,"Besut, Terengganu, Malaysia",48,5.748449,102.515632
2026-01-04 21:17:24,"Kotabaru, Indonesia",10,-3.3,116.17
2026-01-04 21:17:24,"Bintulu, Sarawak, Malaysia",19,3.177084,113.041091
2026-01-04 21:17:24,"Samalaju, Sarawak, Malaysia",33,3.537059,113.295168
2026-01-04 21:17:24,"Sibu, Sarawak, Malaysia",13,2.314408,111.831916
2026-01-04 21:17:24,"Mukah, Sarawak, Malaysia",10,2.883238,112.019742
2026-01-04 21:17:24,"Kluang, Johor, Malaysia",34,2.037882,103.312063
2026-01-04 21:17:24,"Banting, Selangor, Malaysia",62,2.816689,101.623158
2026-01-04 21:17:24,"Putrajaya, W.p. Putrajaya, Malaysia",59,2.914816,101.69005
2026-01-04 21:17:24,"Brunei Muara, Brunei",1,4.9311206,114.9516869
2026-01-04 21:17:24,"Segamat, Johor, Malaysia",39,2.493914,102.862694
2026-01-04 21:17:24,"Rompin, Pahang, Malaysia",38,2.926645,103.419198
2026-01-04 21:17:24,"Nilai, Negeri Sembilan, Malaysia",52,2.821692,101.811486
2026-01-04 21:17:24,"Seberang Jaya 2, Perai, Pulau Pinang, Malaysia",56,5.39817,100.403947
2026-01-04 21:17:24,"Palangka Raya, Indonesia",13,-2.22611,113.945
2026-01-04 21:17:24,"Pangkalanbun, Indonesia",20,-2.676583,111.626448
2026-01-04 21:17:24,"Kota Kinabalu, Sabah, Malaysia",25,5.89372,116.04327
2026-01-04 21:17:24,"Central, Singapore",38,1.3666667,103.8
2026-01-04 21:17:24,"Indera Mahkota, Kuantan, Pahang, Malaysia",45,3.819217,103.29655
2026-01-04 21:17:24,"Kototabang, Indonesia",87,-0.251,100.382
2026-01-04 21:17:24,"Kuala Belait, Brunei",1,4.5831986,114.2212174
2026-01-04 21:17:24,"Pengerang, Johor, Malaysia",48,1.389489,104.149586
2026-01-04 21:17:24,"Bukit Rambai, Melaka, Malaysia",53,2.258519,102.172683
2026-01-04 21:17:24,"Batu Muda,Kuala Lumpur, Wilayah Persekutuan, Malaysia",44,3.212439,101.682228
2026-01-04 21:17:24,"Samarinda, Indonesia",40,-0.4825,117.1563
2026-01-04 21:17:24,"Miri, Sarawak, Malaysia",24,4.424679,114.012426
2026-01-04 21:17:24,"Labuan, Wilayah Persekutuan, Malaysia",19,5.298107,115.232106
2026-01-04 21:17:24,"Mempawah, Indonesia",19,0.124,110.456
2026-01-04 21:17:24,"Batam, Indonesia",60,1.124,104.126
2026-01-04 21:17:24,"Pasir Gudang, Johor, Malaysia",53,1.470122,103.893456
2026-01-04 21:17:24,"Seremban, Negeri Sembilan, Malaysia",52,2.723381,101.968497
2026-01-04 21:17:24,"Petaling Jaya, Selangor, Malaysia",53,3.133169,101.608011
2026-01-04 21:17:24,"Malang, Indonesia",59,-7.9551897,112.6119383
2026-01-04 21:17:24,"Sleman, Indonesia",34,-7.731,110.354
2026-01-04 21:17:24,"Kapit, Sarawak, Malaysia",19,2.014498,112.92736
2026-01-04 21:17:24,"Tawau, Sabah, Malaysia",26,4.249786,117.935864
2026-01-04 21:17:24,"Limbang, Sarawak, Malaysia",14,4.758891,115.013667
2026-01-04 21:17:24,"East, Singapore",42,1.3645924,103.9477547
2026-01-04 21:17:24,"Indrapuri, Indonesia",22,5.404,95.475
2026-01-04 21:17:24,"Tanjung Harapan, Indonesia",36,2.83,117.36
2026-01-04 21:17:24,"Banjarbaru, Indonesia",27,-3.475,114.856
2026-01-04 21:17:24,"Temburong, Brunei",6,4.6204128,115.141484
2026-01-04 21:17:24,"Pekanbaru, Indonesia",59,0.46667,101.4666
2026-01-04 21:17:24,"Kuala Selangor, Selangor, Malaysia",46,3.321308,101.256242
2026-01-04 21:17:24,"Medan, Indonesia",55,3.59,98.85
2026-01-04 21:17:24,"Maros, Indonesia",60,-4.997,119.57
2026-01-04 21:17:24,"Balok Baru, Kuantan, Pahang, Malaysia",61,3.960644,103.382158
2026-01-04 21:17:24,"Temerloh, Pahang, Malaysia",48,3.471603,102.376406
2026-01-04 21:17:24,"Bakar Arang, Sg. Petani, Kedah, Malaysia",55,5.629631,100.467771
2026-01-04 21:17:24,"Keningau, Sabah, Malaysia",24,5.339317,116.163658
2026-01-04 21:17:24,"Sarikei, Sarawak, Malaysia",13,2.132809,111.52287
2026-01-04 21:17:24,"Sintang, Indonesia",13,0.066,111.477
2026-01-04 21:17:24,"Batu Pahat, Johor, Malaysia",42,1.919323,102.866618
2026-01-04 21:17:24,"Pelabuhan Kelang, Selangor, Malaysia",60,3.014889,101.413111
2026-01-04 21:17:24,"Perai, Pulau Pinang, Malaysia",58,5.329358,100.443475
2026-01-04 21:17:24,"Talang Betutu Palembang, Indonesia",112,-2.94,104.7
2026-01-04 21:17:24,"Sandakan, Sabah, Malaysia",20,5.864467,118.091089
2026-01-04 21:17:24,"Kemaman, Terengganu, Malaysia",53,4.262121,103.425778
2026-01-04 21:17:24,"S K Jalan Pegoh, Ipoh, Perak, Malaysia",48,4.553336,101.080236
2026-01-04 21:17:24,"Kemayoran, Indonesia",49,-6.155,106.846
2026-01-04 21:17:24,"Pesawaran, Indonesia",31,-5.17,105.178
2026-01-04 21:17:24,"Samarahan, Sarawak, Malaysia",28,1.454853,110.491505
2026-01-04 21:17:24,"Tanjung Malim, Perak, Malaysia",47,3.687758,101.524494
2026-01-04 21:17:24,"Kg. Air Putih, Taiping, Perak, Malaysia",53,4.89885,100.679106
2026-01-04 21:17:24,"Balik Pulau, Pulau Pinang, Malaysia",58,5.337598,100.214721
2026-01-04 21:17:24,"Supadio, Indonesia",40,-0.14,109.45
2026-01-04 21:17:24,"Larkin Lama, Johor, Malaysia",52,1.494625,103.735975
2026-01-04 21:17:24,"Tangkak, Johor, Malaysia",42,2.294794,102.571595
2026-01-04 21:17:24,"Port Dickson, Negeri Sembilan, Malaysia",55,2.441383,101.866858
2026-01-04 21:17:24,"Jerantut, Pahang, Malaysia",44,3.94836,102.366632
2026-01-04 21:17:24,"Sorong, Indonesia",27,-0.8634105,131.2544805
2026-01-04 21:17:24,"Semarang, Indonesia",60,-6.985,110.381
2026-01-04 21:17:24,"Muaro Jambi, Indonesia",86,-1.635,103.646
2026-01-04 21:17:24,"Bengkulu, Indonesia",56,-3.865,102.312
2026-01-04 21:17:24,"Pekan Tutong, Brunei",2,4.8140524,114.6608562
2026-01-04 21:17:24,"Sri Aman, Sarawak, Malaysia",12,1.219656,111.464792
2026-01-04 21:17:24,"Tanah Merah, Kelantan, Malaysia",69,5.811172,102.1345
2026-01-04 21:17:24,"Jalan Tasek, Ipoh, Perak, Malaysia",47,4.629444,101.11665
2026-01-04 21:17:24,"Kimanis, Sabah, Malaysia",13,5.538225,115.850556
2026-01-04 21:17:24,"Kuala Terengganu, Terengganu, Malaysia",67,5.308094,103.120392
2026-01-04 21:17:24,"Paka, Terengganu, Malaysia",38,4.598064,103.434819
2026-01-04 21:17:24,"Seri Manjung, Perak, Malaysia",56,4.200344,100.663358
2026-01-04 21:17:24,"Betong, Thailand (ต.เบตง อ.เบตง จ.ยะลา)",38,5.763873,101.067903
2026-01-04 22:18:24,"Kotabaru, Indonesia",11,-3.3,116.17
2026-01-04 22:18:24,"Malang, Indonesia",51,-7.9551897,112.6119383
2026-01-04 22:18:24,"Sorong, Indonesia",19,-0.8634105,131.2544805
2026-01-04 22:18:24,"Miri, Sarawak, Malaysia",23,4.424679,114.012426
2026-01-04 22:18:24,"Banjarbaru, Indonesia",58,-3.475,114.856
2026-01-04 22:18:24,"Mukah, Sarawak, Malaysia",10,2.883238,112.019742
2026-01-04 22:18:24,"Central, Singapore",53,1.3666667,103.8
2026-01-04 22:18:24,"Besut, Terengganu, Malaysia",46,5.748449,102.515632
2026-01-04 22:18:24,"Tawau, Sabah, Malaysia",25,4.249786,117.935864
2026-01-04 22:18:24,"Pasir Gudang, Johor, Malaysia",52,1.470122,103.893456
2026-01-04 22:18:24,"Port Dickson, Negeri Sembilan, Malaysia",55,2.441383,101.866858
2026-01-04 22:18:24,"Paka, Terengganu, Malaysia",38,4.598064,103.434819
2026-01-04 22:18:24,"Jalan Tasek, Ipoh, Perak, Malaysia",48,4.629444,101.11665
2026-01-04 22:18:24,"Semarang, Indonesia",50,-6.985,110.381
2026-01-04 22:18:24,"Kapit, Sarawak, Malaysia",19,2.014498,112.92736
2026-01-04 22:18:24,"Kimanis, Sabah, Malaysia",14,5.538225,115.850556
2026-01-04 22:18:24,"Sarikei, Sarawak, Malaysia",13,2.132809,111.52287
2026-01-04 22:18:24,"Nilai, Negeri Sembilan, Malaysia",52,2.821692,101.811486
2026-01-04 22:18:24,"Kuala Selangor, Selangor, Malaysia",45,3.321308,101.256242
2026-01-04 22:18:24,"Seberang Jaya 2, Perai, Pulau Pinang, Malaysia",56,5.39817,100.403947
2026-01-04 22:18:24,"Pesawaran, Indonesia",31,-5.17,105.178
2026-01-04 22:18:24,"Sleman, Indonesia",53,-7.731,110.354
2026-01-04 22:18:24,"Sibu, Sarawak, Malaysia",13,2.314408,111.831916
2026-01-04 22:18:24,"East, Singapore",46,1.3645924,103.9477547
2026-01-04 22:18:24,"Seri Manjung, Perak, Malaysia",55,4.200344,100.663358
2026-01-04 22:18:24,"Maros, Indonesia",32,-4.997,119.57
2026-01-04 22:18:24,"Kluang, Johor, Malaysia",32,2.037882,103.312063
2026-01-04 22:18:24,"Betong, Thailand (ต.เบตง อ.เบตง จ.ยะลา)",55,5.763873,101.067903
2026-01-04 22:18:24,"Sintang, Indonesia",6,0.066,111.477
2026-01-04 22:18:24,"Kototabang, Indonesia",60,-0.251,100.382
2026-01-04 22:18:24,"Pengerang, Johor, Malaysia",48,1.389489,104.149586
2026-01-04 22:18:24,"Larkin Lama, Johor, Malaysia",51,1.494625,103.735975
2026-01-04 22:18:24,"Seremban, Negeri Sembilan, Malaysia",52,2.723381,101.968497
2026-01-04 22:18:24,"Talang Betutu Palembang, Indonesia",132,-2.94,104.7
2026-01-04 22:18:24,"Temerloh, Pahang, Malaysia",49,3.471603,102.376406
2026-01-04 22:18:24,"Indera Mahkota, Kuantan, Pahang, Malaysia",45,3.819217,103.29655
2026-01-04 22:18:24,"Samalaju, Sarawak, Malaysia",32,3.537059,113.295168
2026-01-04 22:18:24,"Pekan Tutong, Brunei",2,4.8140524,114.6608562
2026-01-04 22:18:24,"Brunei Muara, Brunei",1,4.9311206,114.9516869
2026-01-04 22:18:24,"Kota Kinabalu, Sabah, Malaysia",24,5.89372,116.04327
2026-01-04 22:18:24,"Sri Aman, Sarawak, Malaysia",13,1.219656,111.464792
2026-01-04 22:18:24,"Pekanbaru, Indonesia",77,0.46667,101.4666
2026-01-04 22:18:24,"Kuala Terengganu, Terengganu, Malaysia",67,5.308094,103.120392
2026-01-04 22:18:24,"Bintulu, Sarawak, Malaysia",19,3.177084,113.041091
2026-01-04 22:18:24,"Indrapuri, Indonesia",28,5.404,95.475
2026-01-04 22:18:24,"Perai, Pulau Pinang, Malaysia",58,5.329358,100.443475
2026-01-04 22:18:24,"Muaro Jambi, Indonesia",60,-1.635,103.646
2026-01-04 22:18:24,"Pangkalanbun, Indonesia",7,-2.676583,111.626448
2026-01-04 22:18:24,"Temburong, Brunei",6,4.6204128,115.141484
2026-01-04 22:18:24,"Sandakan, Sabah, Malaysia",21,5.864467,118.091089
2026-01-04 22:18:24,"Mempawah, Indonesia",12,0.124,110.456
2026-01-04 22:18:24,"Batu Muda,Kuala Lumpur, Wilayah Persekutuan, Malaysia",44,3.212439,101.682228
2026-01-04 22:18:24,"Tanjung Malim, Perak, Malaysia",47,3.687758,101.524494
2026-01-04 22:18:24,"Kemayoran, Indonesia",107,-6.155,106.846
2026-01-04 22:18:24,"Bengkulu, Indonesia",40,-3.865,102.312
2026-01-04 22:18:24,"Tanjung Harapan, Indonesia",30,2.83,117.36
2026-01-04 22:18:24,"Batam, Indonesia",68,1.124,104.126
2026-01-04 22:18:24,"Petaling Jaya, Selangor, Malaysia",51,3.133169,101.608011
2026-01-04 22:18:24,"Jerantut, Pahang, Malaysia",43,3.94836,102.366632
2026-01-04 22:18:24,"Balik Pulau, Pulau Pinang, Malaysia",59,5.337598,100.214721
2026-01-04 22:18:24,"Palangka Raya, Indonesia",13,-2.22611,113.945
2026-01-04 22:18:24,"Limbang, Sarawak, Malaysia",14,4.758891,115.013667
2026-01-04 22:18:24,"Segamat, Johor, Malaysia",39,2.493914,102.862694
2026-01-04 22:18:24,"Rompin, Pahang, Malaysia",38,2.926645,103.419198
2026-01-04 22:18:24,"Kemaman, Terengganu, Malaysia",53,4.262121,103.425778
2026-01-04 22:18:24,"Kg. Air Putih, Taiping, Perak, Malaysia",52,4.89885,100.679106
2026-01-04 22:18:24,"Samarinda, Indonesia",52,-0.4825,117.1563
2026-01-04 22:18:24,"Bukit Rambai, Melaka, Malaysia",53,2.258519,102.172683
2026-01-04 22:18:24,"Tangkak, Johor, Malaysia",41,2.294794,102.571595
2026-01-04 22:18:24,"Banting, Selangor, Malaysia",62,2.816689,101.623158
2026-01-04 22:18:24,"Putrajaya, W.p. Putrajaya, Malaysia",58,2.914816,101.69005
2026-01-04 22:18:24,"Bakar Arang, Sg. Petani, Kedah, Malaysia",55,5.629631,100.467771
2026-01-04 22:18:24,"Batu Pahat, Johor, Malaysia",42,1.919323,102.866618
2026-01-04 22:18:24,"Pelabuhan Kelang, Selangor, Malaysia",61,3.014889,101.413111
2026-01-04 22:18:24,"Tanah Merah, Kelantan, Malaysia",69,5.811172,102.1345
2026-01-04 22:18:24,"Medan, Indonesia",52,3.59,98.85
2026-01-04 22:18:24,"Kuala Belait, Brunei",1,4.5831986,114.2212174
2026-01-04 22:18:24,"Keningau, Sabah, Malaysia",24,5.339317,116.163658
2026-01-04 22:18:24,"Supadio, Indonesia",40,-0.14,109.45
2026-01-04 22:18:24,"Samarahan, Sarawak, Malaysia",29,1.454853,110.491505
2026-01-04 22:18:24,"Balok Baru, Kuantan, Pahang, Malaysia",61,3.960644,103.382158
2026-01-04 22:18:24,"S K Jalan Pegoh, Ipoh, Perak, Malaysia",47,4.553336,101.080236
2026-01-04 22:18:24,"Labuan, Wilayah Persekutuan, Malaysia",18,5.298107,115.232106
2026-01-04 23:18:17,"Balok Baru, Kuantan, Pahang, Malaysia",58,3.960644,103.382158
2026-01-04 23:18:17,"Tawau, Sabah, Malaysia",24,4.249786,117.935864
2026-01-04 23:18:17,"Sibu, Sarawak, Malaysia",13,2.314408,111.831916
2026-01-04 23:18:17,"Pasir Gudang, Johor, Malaysia",52,1.470122,103.893456
2026-01-04 23:18:17,"Port Dickson, Negeri Sembilan, Malaysia",55,2.441383,101.866858
2026-01-04 23:18:17,"Kapit, Sarawak, Malaysia",19,2.014498,112.92736
2026-01-04 23:18:17,"Nilai, Negeri Sembilan, Malaysia",51,2.821692,101.811486
2026-01-04 23:18:17,"Kuala Terengganu, Terengganu, Malaysia",67,5.308094,103.120392
2026-01-04 23:18:17,"Paka, Terengganu, Malaysia",38,4.598064,103.434819
2026-01-04 23:18:17,"Sandakan, Sabah, Malaysia",22,5.864467,118.091089
2026-01-04 23:18:17,"Sarikei, Sarawak, Malaysia",13,2.132809,111.52287
2026-01-04 23:18:17,"Mempawah, Indonesia",16,0.124,110.456
2026-01-04 23:18:17,"Kg. Air Putih, Taiping, Perak, Malaysia",52,4.89885,100.679106
2026-01-04 23:18:17,"Kemayoran, Indonesia",106,-6.155,106.846
2026-01-04 23:18:17,"Kimanis, Sabah, Malaysia",14,5.538225,115.850556
2026-01-04 23:18:17,"Bintulu, Sarawak, Malaysia",19,3.177084,113.041091
2026-01-04 23:18:17,"Perai, Pulau Pinang, Malaysia",58,5.329358,100.443475
2026-01-04 23:18:17,"Samalaju, Sarawak, Malaysia",33,3.537059,113.295168
2026-01-04 23:18:17,"Brunei Muara, Brunei",1,4.9311206,114.9516869
2026-01-04 23:18:17,"Indera Mahkota, Kuantan, Pahang, Malaysia",46,3.819217,103.29655
2026-01-04 23:18:17,"Jerantut, Pahang, Malaysia",42,3.94836,102.366632
2026-01-04 23:18:17,"Jalan Tasek, Ipoh, Perak, Malaysia",48,4.629444,101.11665
2026-01-04 23:18:17,"Samarinda, Indonesia",56,-0.4825,117.1563
2026-01-04 23:18:17,"Supadio, Indonesia",35,-0.14,109.45
2026-01-04 23:18:17,"Talang Betutu Palembang, Indonesia",129,-2.94,104.7
2026-01-04 23:18:17,"Batu Pahat, Johor, Malaysia",42,1.919323,102.866618
2026-01-04 23:18:17,"Malang, Indonesia",50,-7.9551897,112.6119383
2026-01-04 23:18:17,"Bengkulu, Indonesia",54,-3.865,102.312
2026-01-04 23:18:17,"Sintang, Indonesia",3,0.066,111.477
2026-01-04 23:18:17,"Larkin Lama, Johor, Malaysia",50,1.494625,103.735975
2026-01-04 23:18:17,"Temburong, Brunei",6,4.6204128,115.141484
2026-01-04 23:18:17,"Batam, Indonesia",64,1.124,104.126
2026-01-04 23:18:17,"Putrajaya, W.p. Putrajaya, Malaysia",58,2.914816,101.69005
2026-01-04 23:18:17,"Tanah Merah, Kelantan, Malaysia",68,5.811172,102.1345
2026-01-04 23:18:17,"Segamat, Johor, Malaysia",38,2.493914,102.862694
2026-01-04 23:18:17,"Kemaman, Terengganu, Malaysia",52,4.262121,103.425778
2026-01-04 23:18:17,"Medan, Indonesia",53,3.59,98.85
2026-01-04 23:18:17,"Seberang Jaya 2, Perai, Pulau Pinang, Malaysia",56,5.39817,100.403947
2026-01-04 23:18:17,"Pangkalanbun, Indonesia",15,-2.676583,111.626448
2026-01-04 23:18:17,"Kuala Belait, Brunei",1,4.5831986,114.2212174
2026-01-04 23:18:17,"Samarahan, Sarawak, Malaysia",28,1.454853,110.491505
2026-01-04 23:18:17,"South, Singapore",38,1.296183,103.846181
2026-01-04 23:18:17,"Pelabuhan Kelang, Selangor, Malaysia",62,3.014889,101.413111
2026-01-04 23:18:17,"Petaling Jaya, Selangor, Malaysia",51,3.133169,101.608011
2026-01-04 23:18:17,"Kuala Selangor, Selangor, Malaysia",45,3.321308,101.256242
2026-01-04 23:18:17,"Seri Manjung, Perak, Malaysia",55,4.200344,100.663358
2026-01-04 23:18:17,"Sleman, Indonesia",56,-7.731,110.354
2026-01-04 23:18:17,"Keningau, Sabah, Malaysia",23,5.339317,116.163658
2026-01-04 23:18:17,"Pekanbaru, Indonesia",55,0.46667,101.4666
2026-01-04 23:18:17,"Banting, Selangor, Malaysia",62,2.816689,101.623158
2026-01-04 23:18:17,"Bakar Arang, Sg. Petani, Kedah, Malaysia",56,5.629631,100.467771
2026-01-04 23:18:17,"Rompin, Pahang, Malaysia",38,2.926645,103.419198
2026-01-04 23:18:17,"Balik Pulau, Pulau Pinang, Malaysia",59,5.337598,100.214721
2026-01-04 23:18:17,"Banjarbaru, Indonesia",50,-3.475,114.856
2026-01-04 23:18:17,"Semarang, Indonesia",37,-6.985,110.381
2026-01-04 23:18:17,"Sri Aman, Sarawak, Malaysia",13,1.219656,111.464792
2026-01-04 23:18:17,"Kluang, Johor, Malaysia",31,2.037882,103.312063
2026-01-04 23:18:17,"Temerloh, Pahang, Malaysia",49,3.471603,102.376406
2026-01-04 23:18:17,"Batu Muda,Kuala Lumpur, Wilayah Persekutuan, Malaysia",45,3.212439,101.682228
2026-01-04 23:18:17,"Muaro Jambi, Indonesia",61,-1.635,103.646
2026-01-04 23:18:17,"Bukit Rambai, Melaka, Malaysia",53,2.258519,102.172683
2026-01-04 23:18:17,"Seremban, Negeri Sembilan, Malaysia",52,2.723381,101.968497
2026-01-04 23:18:17,"Tangkak, Johor, Malaysia",40,2.294794,102.571595
2026-01-04 23:18:17,"Pesawaran, Indonesia",30,-5.17,105.178
2026-01-04 23:18:17,"Kota Kinabalu, Sabah, Malaysia",24,5.89372,116.04327
2026-01-04 23:18:17,"S K Jalan Pegoh, Ipoh, Perak, Malaysia",47,4.553336,101.080236
2026-01-04 23:18:17,"Betong, Thailand (ต.เบตง อ.เบตง จ.ยะลา)",55,5.763873,101.067903
2026-01-04 23:18:17,"Kotabaru, Indonesia",15,-3.3,116.17
2026-01-04 23:18:17,"Kototabang, Indonesia",59,-0.251,100.382
2026-01-04 23:18:17,"Mukah, Sarawak, Malaysia",10,2.883238,112.019742
2026-01-04 23:18:17,"East, Singapore",50,1.3645924,103.9477547
2026-01-04 23:18:17,"Labuan, Wilayah Persekutuan, Malaysia",19,5.298107,115.232106
2026-01-04 23:18:17,"Besut, Terengganu, Malaysia",46,5.748449,102.515632
2026-01-04 23:18:17,"Tanjung Harapan, Indonesia",18,2.83,117.36
2026-01-04 23:18:17,"Limbang, Sarawak, Malaysia",14,4.758891,115.013667
2026-01-04 23:18:17,"Tanjung Malim, Perak, Malaysia",48,3.687758,101.524494
2026-01-04 23:18:17,"Pekan Tutong, Brunei",2,4.8140524,114.6608562
2026-01-04 23:18:17,"Pengerang, Johor, Malaysia",47,1.389489,104.149586
2026-01-04 23:18:17,"Indrapuri, Indonesia",25,5.404,95.475
2026-01-04 23:18:17,"Palangka Raya, Indonesia",14,-2.22611,113.945
2026-01-04 23:18:17,"Sorong, Indonesia",7,-0.8634105,131.2544805
2026-01-04 23:18:17,"Maros, Indonesia",32,-4.997,119.57
2026-01-04 23:18:17,"Miri, Sarawak, Malaysia",23,4.424679,114.012426
2026-01-05 01:47:09,"Bengkulu, Indonesia",69,-3.865,102.312
2026-01-05 01:47:09,"Kuala Terengganu, Terengganu, Malaysia",67,5.308094,103.120392
2026-01-05 01:47:09,"Semarang, Indonesia",65,-6.985,110.381
2026-01-05 01:47:09,"Tanjung Harapan, Indonesia",20,2.83,117.36
2026-01-05 01:47:09,"Keningau, Sabah, Malaysia",22,5.339317,116.163658
2026-01-05 01:47:09,"Miri, Sarawak, Malaysia",24,4.424679,114.012426
2026-01-05 01:47:09,"Labuan, Wilayah Persekutuan, Malaysia",19,5.298107,115.232106
2026-01-05 01:47:09,"Sibu, Sarawak, Malaysia",13,2.314408,111.831916
2026-01-05 01:47:09,"Sintang, Indonesia",6,0.066,111.477
2026-01-05 01:47:09,"Balik Pulau, Pulau Pinang, Malaysia",59,5.337598,100.214721
2026-01-05 01:47:09,"Indrapuri, Indonesia",40,5.404,95.475
2026-01-05 01:47:09,"Betong, Thailand (ต.เบตง อ.เบตง จ.ยะลา)",44,5.763873,101.067903
2026-01-05 01:47:09,"Sorong, Indonesia",23,-0.8634105,131.2544805
2026-01-05 01:47:09,"Kemayoran, Indonesia",147,-6.155,106.846
2026-01-05 01:47:09,"Jambi, Indonesia",73,-1.6318964,103.6414547
2026-01-05 01:47:09,"Jerantut, Pahang, Malaysia",42,3.94836,102.366632
2026-01-05 01:47:09,"Seberang Jaya 2, Perai, Pulau Pinang, Malaysia",56,5.39817,100.403947
2026-01-05 01:47:09,"Batu Muda,Kuala Lumpur, Wilayah Persekutuan, Malaysia",46,3.212439,101.682228
2026-01-05 01:47:09,"Maros, Indonesia",56,-4.997,119.57
2026-01-05 01:47:09,"Pesawaran, Indonesia",43,-5.17,105.178
2026-01-05 01:47:09,"Batam, Indonesia",61,1.124,104.126
2026-01-05 01:47:09,"East, Singapore",55,1.3645924,103.9477547
2026-01-05 01:47:09,"Balok Baru, Kuantan, Pahang, Malaysia",58,3.960644,103.382158
2026-01-05 01:47:09,"Temerloh, Pahang, Malaysia",48,3.471603,102.376406
2026-01-05 01:47:09,"Nilai, Negeri Sembilan, Malaysia",49,2.821692,101.811486
2026-01-05 01:47:09,"Kemaman, Terengganu, Malaysia",51,4.262121,103.425778
2026-01-05 01:47:09,"Samarinda, Indonesia",4,-0.4825,117.1563
2026-01-05 01:47:09,"Pangkalanbun, Indonesia",28,-2.676583,111.626448
2026-01-05 01:47:09,"Pekanbaru, Indonesia",59,0.46667,101.4666
2026-01-05 01:47:09,"Pasir Gudang, Johor, Malaysia",50,1.470122,103.893456
2026-01-05 01:47:09,"Segamat, Johor, Malaysia",37,2.493914,102.862694
2026-01-05 01:47:09,"Samarahan, Sarawak, Malaysia",30,1.454853,110.491505
2026-01-05 01:47:09,"Mukah, Sarawak, Malaysia",11,2.883238,112.019742
2026-01-05 01:47:09,"Samalaju, Sarawak, Malaysia",33,3.537059,113.295168
2026-01-05 01:47:09,"Temburong, Brunei",6,4.6204128,115.141484
2026-01-05 01:47:09,"Pengerang, Johor, Malaysia",44,1.389489,104.149586
2026-01-05 01:47:09,"Bukit Rambai, Melaka, Malaysia",52,2.258519,102.172683
2026-01-05 01:47:09,"Kg. Air Putih, Taiping, Perak, Malaysia",52,4.89885,100.679106
2026-01-05 01:47:09,"Tanah Merah, Kelantan, Malaysia",68,5.811172,102.1345
2026-01-05 01:47:09,"Besut, Terengganu, Malaysia",46,5.748449,102.515632
2026-01-05 01:47:09,"Pekan Tutong, Brunei",2,4.8140524,114.6608562
2026-01-05 01:47:09,"Kluang, Johor, Malaysia",30,2.037882,103.312063
2026-01-05 01:47:09,"Port Dickson, Negeri Sembilan, Malaysia",55,2.441383,101.866858
2026-01-05 01:47:09,"Kuala Selangor, Selangor, Malaysia",46,3.321308,101.256242
2026-01-05 01:47:09,"Paka, Terengganu, Malaysia",37,4.598064,103.434819
2026-01-05 01:47:09,"Jalan Tasek, Ipoh, Perak, Malaysia",49,4.629444,101.11665
2026-01-05 01:47:09,"Tawau, Sabah, Malaysia",23,4.249786,117.935864
2026-01-05 01:47:09,"Limbang, Sarawak, Malaysia",15,4.758891,115.013667
2026-01-05 01:47:09,"Brunei Muara, Brunei",1,4.9311206,114.9516869
2026-01-05 01:47:09,"Banting, Selangor, Malaysia",63,2.816689,101.623158
2026-01-05 01:47:09,"Putrajaya, W.p. Putrajaya, Malaysia",58,2.914816,101.69005
2026-01-05 01:47:09,"Indera Mahkota, Kuantan, Pahang, Malaysia",47,3.819217,103.29655
2026-01-05 01:47:09,"Kimanis, Sabah, Malaysia",16,5.538225,115.850556
2026-01-05 01:47:09,"Kota Kinabalu, Sabah, Malaysia",25,5.89372,116.04327
2026-01-05 01:47:09,"Sandakan, Sabah, Malaysia",25,5.864467,118.091089
2026-01-05 01:47:09,"Sri Aman, Sarawak, Malaysia",13,1.219656,111.464792
2026-01-05 01:47:09,"Tangkak, Johor, Malaysia",39,2.294794,102.571595
2026-01-05 01:47:09,"Sleman, Indonesia",108,-7.731,110.354
2026-01-05 01:47:09,"Mempawah, Indonesia",41,0.124,110.456
2026-01-05 01:47:09,"Pelabuhan Kelang, Selangor, Malaysia",63,3.014889,101.413111
2026-01-05 01:47:09,"Tanjung Malim, Perak, Malaysia",52,3.687758,101.524494
2026-01-05 01:47:09,"Seri Manjung, Perak, Malaysia",55,4.200344,100.663358
2026-01-05 01:47:09,"Medan, Indonesia",62,3.59,98.85
2026-01-05 01:47:09,"Banjarbaru, Indonesia",45,-3.475,114.856
2026-01-05 01:47:09,"Malang, Indonesia",33,-7.9551897,112.6119383
2026-01-05 01:47:09,"Bintulu, Sarawak, Malaysia",19,3.177084,113.041091
2026-01-05 01:47:09,"Larkin Lama, Johor, Malaysia",48,1.494625,103.735975
2026-01-05 01:47:09,"Batu Pahat, Johor, Malaysia",43,1.919323,102.866618
2026-01-05 01:47:09,"Perai, Pulau Pinang, Malaysia",60,5.329358,100.443475
2026-01-05 01:47:09,"Palangka Raya, Indonesia",43,-2.22611,113.945
2026-01-05 01:47:09,"Kotabaru, Indonesia",9,-3.3,116.17
2026-01-05 01:47:09,"Kuala Belait, Brunei",1,4.5831986,114.2212174
2026-01-05 01:47:09,"Sarikei, Sarawak, Malaysia",14,2.132809,111.52287
2026-01-05 01:47:09,"Petaling Jaya, Selangor, Malaysia",52,3.133169,101.608011
2026-01-05 01:47:09,"S K Jalan Pegoh, Ipoh, Perak, Malaysia",47,4.553336,101.080236
2026-01-05 01:47:09,"Seremban, Negeri Sembilan, Malaysia",52,2.723381,101.968497
2026-01-05 01:47:09,"Rompin, Pahang, Malaysia",38,2.926645,103.419198
2026-01-05 01:47:09,"Bakar Arang, Sg. Petani, Kedah, Malaysia",56,5.629631,100.467771
2026-01-05 01:47:09,"Supadio, Indonesia",59,-0.14,109.45
2026-01-05 01:47:09,"Talang Betutu Palembang, Indonesia",109,-2.94,104.7
2026-01-05 01:47:09,"Kototabang, Indonesia",62,-0.251,100.382
2026-01-05 01:47:09,"Kapit, Sarawak, Malaysia",18,2.014498,112.92736
2026-01-05 01:47:09,"Central, Singapore",50,1.3666667,103.8
2026-01-05 03:54:04,"Bukit Rambai, Melaka, Malaysia",51,2.258519,102.172683
2026-01-05 03:54:04,"Kuala Selangor, Selangor, Malaysia",44,3.321308,101.256242
2026-01-05 03:54:04,"Jalan Tasek, Ipoh, Perak, Malaysia",51,4.629444,101.11665
2026-01-05 03:54:04,"S K Jalan Pegoh, Ipoh, Perak, Malaysia",49,4.553336,101.080236
2026-01-05 03:54:04,"Palangka Raya, Indonesia",28,-2.22611,113.945
2026-01-05 03:54:04,"Sorong, Indonesia",15,-0.8634105,131.2544805
2026-01-05 03:54:04,"Miri, Sarawak, Malaysia",24,4.424679,114.012426
2026-01-05 03:54:04,"Sintang, Indonesia",6,0.066,111.477
2026-01-05 03:54:04,"Mempawah, Indonesia",60,0.124,110.456
2026-01-05 03:54:04,"Banjarbaru, Indonesia",54,-3.475,114.856
2026-01-05 03:54:04,"Sibu, Sarawak, Malaysia",14,2.314408,111.831916
2026-01-05 03:54:04,"Balik Pulau, Pulau Pinang, Malaysia",62,5.337598,100.214721
2026-01-05 03:54:04,"Tangkak, Johor, Malaysia",37,2.294794,102.571595
2026-01-05 03:54:04,"Temerloh, Pahang, Malaysia",52,3.471603,102.376406
2026-01-05 03:54:04,"Batu Muda,Kuala Lumpur, Wilayah Persekutuan, Malaysia",49,3.212439,101.682228
2026-01-05 03:54:04,"Indrapuri, Indonesia",43,5.404,95.475
2026-01-05 03:54:04,"Nilai, Negeri Sembilan, Malaysia",49,2.821692,101.811486
2026-01-05 03:54:04,"Semarang, Indonesia",83,-6.985,110.381
2026-01-05 03:54:04,"Kototabang, Indonesia",66,-0.251,100.382
2026-01-05 03:54:04,"Pengerang, Johor, Malaysia",42,1.389489,104.149586
2026-01-05 03:54:04,"Pekanbaru, Indonesia",62,0.46667,101.4666
2026-01-05 03:54:04,"Pekan Tutong, Brunei",14,4.8140524,114.6608562
2026-01-05 03:54:04,"Segamat, Johor, Malaysia",36,2.493914,102.862694
2026-01-05 03:54:04,"Tanah Merah, Kelantan, Malaysia",67,5.811172,102.1345
2026-01-05 03:54:04,"Bakar Arang, Sg. Petani, Kedah, Malaysia",55,5.629631,100.467771
2026-01-05 03:54:04,"Kapit, Sarawak, Malaysia",18,2.014498,112.92736
2026-01-05 03:54:04,"Port Dickson, Negeri Sembilan, Malaysia",55,2.441383,101.866858
2026-01-05 03:54:04,"Besut, Terengganu, Malaysia",46,5.748449,102.515632
2026-01-05 03:54:04,"Seri Manjung, Perak, Malaysia",55,4.200344,100.663358
2026-01-05 03:54:04,"Kotabaru, Indonesia",9,-3.3,116.17
2026-01-05 03:54:04,"Jambi, Indonesia",94,-1.6318964,103.6414547
2026-01-05 03:54:04,"Perai, Pulau Pinang, Malaysia",60,5.329358,100.443475
2026-01-05 03:54:04,"Seberang Jaya 2, Perai, Pulau Pinang, Malaysia",57,5.39817,100.403947
2026-01-05 03:54:04,"Bintulu, Sarawak, Malaysia",19,3.177084,113.041091
2026-01-05 03:54:04,"Samarahan, Sarawak, Malaysia",30,1.454853,110.491505
2026-01-05 03:54:04,"Central, Singapore",53,1.3666667,103.8
2026-01-05 03:54:04,"Pelabuhan Kelang, Selangor, Malaysia",64,3.014889,101.413111
2026-01-05 03:54:04,"Samarinda, Indonesia",6,-0.4825,117.1563
2026-01-05 03:54:04,"Pangkalanbun, Indonesia",22,-2.676583,111.626448
2026-01-05 03:54:04,"Bengkulu, Indonesia",84,-3.865,102.312
2026-01-05 03:54:04,"Tanjung Harapan, Indonesia",26,2.83,117.36
2026-01-05 03:54:04,"Medan, Indonesia",95,3.59,98.85
2026-01-05 03:54:04,"Banting, Selangor, Malaysia",62,2.816689,101.623158
2026-01-05 03:54:04,"Tanjung Malim, Perak, Malaysia",52,3.687758,101.524494
2026-01-05 03:54:04,"Keningau, Sabah, Malaysia",21,5.339317,116.163658
2026-01-05 03:54:04,"Brunei Muara, Brunei",5,4.9311206,114.9516869
2026-01-05 03:54:04,"Kluang, Johor, Malaysia",37,2.037882,103.312063
2026-01-05 03:54:04,"Balok Baru, Kuantan, Pahang, Malaysia",59,3.960644,103.382158
2026-01-05 03:54:04,"Malang, Indonesia",31,-7.9551897,112.6119383
2026-01-05 03:54:04,"Maros, Indonesia",61,-4.997,119.57
2026-01-05 03:54:04,"Limbang, Sarawak, Malaysia",14,4.758891,115.013667
2026-01-05 03:54:04,"East, Singapore",53,1.3645924,103.9477547
2026-01-05 03:54:04,"Sandakan, Sabah, Malaysia",24,5.864467,118.091089
2026-01-05 03:54:04,"Indera Mahkota, Kuantan, Pahang, Malaysia",47,3.819217,103.29655
2026-01-05 03:54:04,"Petaling Jaya, Selangor, Malaysia",52,3.133169,101.608011
2026-01-05 03:54:04,"Putrajaya, W.p. Putrajaya, Malaysia",58,2.914816,101.69005
2026-01-05 03:54:04,"Supadio, Indonesia",54,-0.14,109.45
2026-01-05 03:54:04,"Samalaju, Sarawak, Malaysia",32,3.537059,113.295168
2026-01-05 03:54:04,"Temburong, Brunei",5,4.6204128,115.141484
2026-01-05 03:54:04,"Labuan, Wilayah Persekutuan, Malaysia",19,5.298107,115.232106
2026-01-05 03:54:04,"Jerantut, Pahang, Malaysia",40,3.94836,102.366632
2026-01-05 03:54:04,"Kuala Terengganu, Terengganu, Malaysia",69,5.308094,103.120392
2026-01-05 03:54:04,"Paka, Terengganu, Malaysia",35,4.598064,103.434819
2026-01-05 03:54:04,"Betong, Thailand (ต.เบตง อ.เบตง จ.ยะลา)",30,5.763873,101.067903
2026-01-05 03:54:04,"Rompin, Pahang, Malaysia",38,2.926645,103.419198
2026-01-05 03:54:04,"Kg. Air Putih, Taiping, Perak, Malaysia",50,4.89885,100.679106
2026-01-05 03:54:04,"Sleman, Indonesia",151,-7.731,110.354
2026-01-05 03:54:04,"Kuala Belait, Brunei",1,4.5831986,114.2212174
2026-01-05 03:54:04,"Sri Aman, Sarawak, Malaysia",11,1.219656,111.464792
2026-01-05 03:54:04,"Pasir Gudang, Johor, Malaysia",49,1.470122,103.893456
2026-01-05 03:54:04,"Mukah, Sarawak, Malaysia",12,2.883238,112.019742
2026-01-05 03:54:04,"Batu Pahat, Johor, Malaysia",42,1.919323,102.866618
2026-01-05 03:54:04,"Seremban, Negeri Sembilan, Malaysia",53,2.723381,101.968497
2026-01-05 03:54:04,"Pesawaran, Indonesia",62,-5.17,105.178
2026-01-05 03:54:04,"Talang Betutu Palembang, Indonesia",106,-2.94,104.7
2026-01-05 03:54:04,"Tawau, Sabah, Malaysia",23,4.249786,117.935864
2026-01-05 03:54:04,"Kimanis, Sabah, Malaysia",16,5.538225,115.850556
2026-01-05 03:54:04,"Kemayoran, Indonesia",80,-6.155,106.846
2026-01-05 03:54:04,"Kota Kinabalu, Sabah, Malaysia",25,5.89372,116.04327
2026-01-05 03:54:04,"Sarikei, Sarawak, Malaysia",13,2.132809,111.52287
2026-01-05 03:54:04,"North, Singapore",59,1.4296436,103.7960862
2026-01-05 03:54:04,"Batam, Indonesia",72,1.124,104.126
2026-01-05 03:54:04,"Kemaman, Terengganu, Malaysia",46,4.262121,103.425778
